"CLIENT";"OBTER_TODOS_ISBNS";"1368022180.593727";"1368022180.599900";"0.006173";
"CLIENT";"OBTER_TODOS_ISBNS";"1368022180.600062";"1368022180.600750";"0.000688";
"CLIENT";"OBTER_TODOS_ISBNS";"1368022180.600816";"1368022180.601602";"0.000786";
"CLIENT";"OBTER_TODOS_ISBNS";"1368022180.601640";"1368022180.602390";"0.000750";
"CLIENT";"OBTER_TODOS_ISBNS";"1368022180.602428";"1368022180.603479";"0.001051";
"CLIENT";"OBTER_TODOS_ISBNS";"1368022180.603518";"1368022180.615074";"0.011556";
"CLIENT";"OBTER_TODOS_ISBNS";"1368022180.615207";"1368022180.621362";"0.006155";
"CLIENT";"OBTER_TODOS_ISBNS";"1368022180.621445";"1368022180.622325";"0.000880";
"CLIENT";"OBTER_TODOS_ISBNS";"1368022180.622379";"1368022180.623054";"0.000675";
"CLIENT";"OBTER_TODOS_ISBNS";"1368022180.623101";"1368022180.632254";"0.009153";
"CLIENT";"OBTER_TODOS_ISBNS";"1368022180.632347";"1368022180.643465";"0.011118";
"CLIENT";"OBTER_TODOS_ISBNS";"1368022180.643552";"1368022180.649913";"0.006361";
"CLIENT";"OBTER_TODOS_ISBNS";"1368022180.650128";"1368022180.651189";"0.001061";
"CLIENT";"OBTER_TODOS_ISBNS";"1368022180.651245";"1368022180.652116";"0.000871";
"CLIENT";"OBTER_TODOS_ISBNS";"1368022180.652158";"1368022180.652993";"0.000835";
"CLIENT";"OBTER_TODOS_ISBNS";"1368022180.653034";"1368022180.659380";"0.006346";
"CLIENT";"OBTER_TODOS_ISBNS";"1368022180.659460";"1368022180.660478";"0.001018";
"CLIENT";"OBTER_TODOS_ISBNS";"1368022180.660540";"1368022180.669382";"0.008842";
"CLIENT";"OBTER_TODOS_ISBNS";"1368022180.669529";"1368022180.670630";"0.001101";
"CLIENT";"OBTER_TODOS_ISBNS";"1368022180.670691";"1368022180.671603";"0.000912";
"CLIENT";"OBTER_TODOS_ISBNS";"1368022180.671841";"1368022180.684906";"0.013065";
"CLIENT";"OBTER_TODOS_ISBNS";"1368022180.684997";"1368022180.692153";"0.007156";
"CLIENT";"OBTER_TODOS_ISBNS";"1368022180.692358";"1368022180.701436";"0.009078";
"CLIENT";"OBTER_TODOS_ISBNS";"1368022180.701588";"1368022180.702612";"0.001024";
"CLIENT";"OBTER_TODOS_ISBNS";"1368022180.702675";"1368022180.729218";"0.026543";
"CLIENT";"OBTER_TODOS_ISBNS";"1368022180.729576";"1368022180.730508";"0.000932";
"CLIENT";"OBTER_TODOS_ISBNS";"1368022180.730577";"1368022180.731476";"0.000899";
"CLIENT";"OBTER_TODOS_ISBNS";"1368022180.731554";"1368022180.732250";"0.000696";
"CLIENT";"OBTER_TODOS_ISBNS";"1368022180.732296";"1368022180.733106";"0.000810";
"CLIENT";"OBTER_TODOS_ISBNS";"1368022180.733152";"1368022180.740210";"0.007058";
"CLIENT";"OBTER_TODOS_ISBNS";"1368022180.740374";"1368022180.744801";"0.004427";
"CLIENT";"OBTER_TODOS_ISBNS";"1368022180.744918";"1368022180.764199";"0.019281";
"CLIENT";"OBTER_TODOS_ISBNS";"1368022180.764309";"1368022180.769875";"0.005566";
"CLIENT";"OBTER_TODOS_ISBNS";"1368022180.769963";"1368022180.775383";"0.005420";
"CLIENT";"OBTER_TODOS_ISBNS";"1368022180.776002";"1368022180.779524";"0.003522";
"CLIENT";"OBTER_TODOS_ISBNS";"1368022180.779655";"1368022180.795960";"0.016305";
"CLIENT";"OBTER_TODOS_ISBNS";"1368022180.796047";"1368022180.803712";"0.007665";
"CLIENT";"OBTER_TODOS_ISBNS";"1368022180.803803";"1368022180.810445";"0.006642";
"CLIENT";"OBTER_TODOS_ISBNS";"1368022180.810528";"1368022180.819781";"0.009253";
"CLIENT";"OBTER_TODOS_ISBNS";"1368022180.819990";"1368022180.829921";"0.009931";
"CLIENT";"OBTER_TODOS_ISBNS";"1368022180.830009";"1368022180.830708";"0.000699";
"CLIENT";"OBTER_TODOS_ISBNS";"1368022180.830748";"1368022180.831545";"0.000797";
"CLIENT";"OBTER_TODOS_ISBNS";"1368022180.831587";"1368022180.832294";"0.000707";
"CLIENT";"OBTER_TODOS_ISBNS";"1368022180.832346";"1368022180.833040";"0.000694";
"CLIENT";"OBTER_TODOS_ISBNS";"1368022180.833091";"1368022180.840445";"0.007354";
"CLIENT";"OBTER_TODOS_ISBNS";"1368022180.840596";"1368022180.841526";"0.000930";
"CLIENT";"OBTER_TODOS_ISBNS";"1368022180.841589";"1368022180.846520";"0.004931";
"CLIENT";"OBTER_TODOS_ISBNS";"1368022180.846628";"1368022180.866882";"0.020254";
"CLIENT";"OBTER_TODOS_ISBNS";"1368022180.866960";"1368022180.869969";"0.003009";
"CLIENT";"OBTER_TODOS_ISBNS";"1368022180.870092";"1368022180.870768";"0.000676";
"CLIENT";"OBTER_DESCRICAO_POR_ISBN";"1368022180.870810";"1368022180.871068";"0.000258";
"CLIENT";"OBTER_DESCRICAO_POR_ISBN";"1368022180.871118";"1368022180.871389";"0.000271";
"CLIENT";"OBTER_DESCRICAO_POR_ISBN";"1368022180.871441";"1368022180.871704";"0.000263";
"CLIENT";"OBTER_DESCRICAO_POR_ISBN";"1368022180.871750";"1368022180.872024";"0.000274";
"CLIENT";"OBTER_DESCRICAO_POR_ISBN";"1368022180.872088";"1368022180.872780";"0.000692";
"CLIENT";"OBTER_DESCRICAO_POR_ISBN";"1368022180.873125";"1368022180.889543";"0.016418";
"CLIENT";"OBTER_DESCRICAO_POR_ISBN";"1368022180.890330";"1368022180.891043";"0.000713";
"CLIENT";"OBTER_DESCRICAO_POR_ISBN";"1368022180.891123";"1368022180.891401";"0.000278";
"CLIENT";"OBTER_DESCRICAO_POR_ISBN";"1368022180.891458";"1368022180.899341";"0.007883";
"CLIENT";"OBTER_DESCRICAO_POR_ISBN";"1368022180.899640";"1368022180.902825";"0.003185";
"CLIENT";"OBTER_DESCRICAO_POR_ISBN";"1368022180.902913";"1368022180.903575";"0.000662";
"CLIENT";"OBTER_DESCRICAO_POR_ISBN";"1368022180.903728";"1368022180.919444";"0.015716";
"CLIENT";"OBTER_DESCRICAO_POR_ISBN";"1368022180.919683";"1368022180.920062";"0.000379";
"CLIENT";"OBTER_DESCRICAO_POR_ISBN";"1368022180.920125";"1368022180.920430";"0.000305";
"CLIENT";"OBTER_DESCRICAO_POR_ISBN";"1368022180.920488";"1368022180.920807";"0.000319";
"CLIENT";"OBTER_DESCRICAO_POR_ISBN";"1368022180.920868";"1368022180.921328";"0.000460";
"CLIENT";"OBTER_DESCRICAO_POR_ISBN";"1368022180.921382";"1368022180.921670";"0.000288";
"CLIENT";"OBTER_DESCRICAO_POR_ISBN";"1368022180.921712";"1368022180.921945";"0.000233";
"CLIENT";"OBTER_DESCRICAO_POR_ISBN";"1368022180.921984";"1368022180.922222";"0.000238";
"CLIENT";"OBTER_DESCRICAO_POR_ISBN";"1368022180.922305";"1368022180.922752";"0.000447";
"CLIENT";"OBTER_DESCRICAO_POR_ISBN";"1368022180.923012";"1368022180.929469";"0.006457";
"CLIENT";"OBTER_DESCRICAO_POR_ISBN";"1368022180.929718";"1368022180.933700";"0.003982";
"CLIENT";"OBTER_DESCRICAO_POR_ISBN";"1368022180.933788";"1368022180.940597";"0.006809";
"CLIENT";"OBTER_DESCRICAO_POR_ISBN";"1368022180.941175";"1368022180.946226";"0.005051";
"CLIENT";"OBTER_DESCRICAO_POR_ISBN";"1368022180.946345";"1368022180.949319";"0.002974";
"CLIENT";"OBTER_DESCRICAO_POR_ISBN";"1368022180.949531";"1368022180.949881";"0.000350";
"CLIENT";"OBTER_DESCRICAO_POR_ISBN";"1368022180.949923";"1368022180.950163";"0.000240";
"CLIENT";"OBTER_DESCRICAO_POR_ISBN";"1368022180.950203";"1368022180.950429";"0.000226";
"CLIENT";"OBTER_DESCRICAO_POR_ISBN";"1368022180.950493";"1368022180.950728";"0.000235";
"CLIENT";"OBTER_DESCRICAO_POR_ISBN";"1368022180.950768";"1368022180.951100";"0.000332";
"CLIENT";"OBTER_DESCRICAO_POR_ISBN";"1368022180.951139";"1368022180.951377";"0.000238";
"CLIENT";"OBTER_DESCRICAO_POR_ISBN";"1368022180.951415";"1368022180.951647";"0.000232";
"CLIENT";"OBTER_DESCRICAO_POR_ISBN";"1368022180.951687";"1368022180.951923";"0.000236";
"CLIENT";"OBTER_DESCRICAO_POR_ISBN";"1368022180.951964";"1368022180.952191";"0.000227";
"CLIENT";"OBTER_DESCRICAO_POR_ISBN";"1368022180.952232";"1368022180.952470";"0.000238";
"CLIENT";"OBTER_DESCRICAO_POR_ISBN";"1368022180.952511";"1368022180.952767";"0.000256";
"CLIENT";"OBTER_DESCRICAO_POR_ISBN";"1368022180.952805";"1368022180.953067";"0.000262";
"CLIENT";"OBTER_DESCRICAO_POR_ISBN";"1368022180.953108";"1368022180.953349";"0.000241";
"CLIENT";"OBTER_DESCRICAO_POR_ISBN";"1368022180.953388";"1368022180.965456";"0.012068";
"CLIENT";"OBTER_DESCRICAO_POR_ISBN";"1368022180.981751";"1368022180.982324";"0.000573";
"CLIENT";"OBTER_DESCRICAO_POR_ISBN";"1368022180.982407";"1368022180.982727";"0.000320";
"CLIENT";"OBTER_DESCRICAO_POR_ISBN";"1368022180.982786";"1368022180.983078";"0.000292";
"CLIENT";"OBTER_DESCRICAO_POR_ISBN";"1368022180.983134";"1368022180.983411";"0.000277";
"CLIENT";"OBTER_DESCRICAO_POR_ISBN";"1368022180.983465";"1368022180.990032";"0.006567";
"CLIENT";"OBTER_DESCRICAO_POR_ISBN";"1368022180.990606";"1368022180.991205";"0.000599";
"CLIENT";"OBTER_DESCRICAO_POR_ISBN";"1368022180.991262";"1368022180.991516";"0.000254";
"CLIENT";"OBTER_DESCRICAO_POR_ISBN";"1368022180.991558";"1368022180.991850";"0.000292";
"CLIENT";"OBTER_DESCRICAO_POR_ISBN";"1368022180.991891";"1368022180.999401";"0.007510";
"CLIENT";"OBTER_DESCRICAO_POR_ISBN";"1368022180.999776";"1368022181.006000";"1.-993775";
"CLIENT";"OBTER_DESCRICAO_POR_ISBN";"1368022181.006129";"1368022181.010440";"0.004311";
"CLIENT";"OBTER_LIVRO_POR_ISBN";"1368022181.010851";"1368022181.011817";"0.000966";
"CLIENT";"OBTER_LIVRO_POR_ISBN";"1368022181.011881";"1368022181.012215";"0.000334";
"CLIENT";"OBTER_LIVRO_POR_ISBN";"1368022181.012272";"1368022181.012619";"0.000347";
"CLIENT";"OBTER_LIVRO_POR_ISBN";"1368022181.012679";"1368022181.013017";"0.000338";
"CLIENT";"OBTER_LIVRO_POR_ISBN";"1368022181.013076";"1368022181.016373";"0.003297";
"CLIENT";"OBTER_LIVRO_POR_ISBN";"1368022181.016533";"1368022181.019421";"0.002888";
"CLIENT";"OBTER_LIVRO_POR_ISBN";"1368022181.019551";"1368022181.020358";"0.000807";
"CLIENT";"OBTER_LIVRO_POR_ISBN";"1368022181.020398";"1368022181.032060";"0.011662";
"CLIENT";"OBTER_LIVRO_POR_ISBN";"1368022181.032147";"1368022181.033479";"0.001332";
"CLIENT";"OBTER_LIVRO_POR_ISBN";"1368022181.033528";"1368022181.040681";"0.007153";
"CLIENT";"OBTER_LIVRO_POR_ISBN";"1368022181.040848";"1368022181.042345";"0.001497";
"CLIENT";"OBTER_LIVRO_POR_ISBN";"1368022181.042387";"1368022181.046163";"0.003776";
"CLIENT";"OBTER_LIVRO_POR_ISBN";"1368022181.046342";"1368022181.052472";"0.006130";
"CLIENT";"OBTER_LIVRO_POR_ISBN";"1368022181.052593";"1368022181.063287";"0.010694";
"CLIENT";"OBTER_LIVRO_POR_ISBN";"1368022181.063438";"1368022181.069805";"0.006367";
"CLIENT";"OBTER_LIVRO_POR_ISBN";"1368022181.069982";"1368022181.073107";"0.003125";
"CLIENT";"OBTER_LIVRO_POR_ISBN";"1368022181.073221";"1368022181.074528";"0.001307";
"CLIENT";"OBTER_LIVRO_POR_ISBN";"1368022181.074966";"1368022181.082016";"0.007050";
"CLIENT";"OBTER_LIVRO_POR_ISBN";"1368022181.082130";"1368022181.082599";"0.000469";
"CLIENT";"OBTER_LIVRO_POR_ISBN";"1368022181.082662";"1368022181.084156";"0.001494";
"CLIENT";"OBTER_LIVRO_POR_ISBN";"1368022181.084356";"1368022181.089535";"0.005179";
"CLIENT";"OBTER_LIVRO_POR_ISBN";"1368022181.089704";"1368022181.090057";"0.000353";
"CLIENT";"OBTER_LIVRO_POR_ISBN";"1368022181.090103";"1368022181.096171";"0.006068";
"CLIENT";"OBTER_LIVRO_POR_ISBN";"1368022181.096266";"1368022181.110249";"0.013983";
"CLIENT";"OBTER_LIVRO_POR_ISBN";"1368022181.110430";"1368022181.110824";"0.000394";
"CLIENT";"OBTER_LIVRO_POR_ISBN";"1368022181.110868";"1368022181.114405";"0.003537";
"CLIENT";"OBTER_LIVRO_POR_ISBN";"1368022181.114565";"1368022181.119879";"0.005314";
"CLIENT";"OBTER_LIVRO_POR_ISBN";"1368022181.120034";"1368022181.120425";"0.000391";
"CLIENT";"OBTER_LIVRO_POR_ISBN";"1368022181.120469";"1368022181.120766";"0.000297";
"CLIENT";"OBTER_LIVRO_POR_ISBN";"1368022181.120808";"1368022181.121095";"0.000287";
"CLIENT";"OBTER_LIVRO_POR_ISBN";"1368022181.121147";"1368022181.121440";"0.000293";
"CLIENT";"OBTER_LIVRO_POR_ISBN";"1368022181.121479";"1368022181.129872";"0.008393";
"CLIENT";"OBTER_LIVRO_POR_ISBN";"1368022181.130051";"1368022181.133756";"0.003705";
"CLIENT";"OBTER_LIVRO_POR_ISBN";"1368022181.133959";"1368022181.140884";"0.006925";
"CLIENT";"OBTER_LIVRO_POR_ISBN";"1368022181.141216";"1368022181.142397";"0.001181";
"CLIENT";"OBTER_LIVRO_POR_ISBN";"1368022181.142676";"1368022181.143060";"0.000384";
"CLIENT";"OBTER_LIVRO_POR_ISBN";"1368022181.143159";"1368022181.146002";"0.002843";
"CLIENT";"OBTER_LIVRO_POR_ISBN";"1368022181.146260";"1368022181.149239";"0.002979";
"CLIENT";"OBTER_LIVRO_POR_ISBN";"1368022181.149409";"1368022181.149880";"0.000471";
"CLIENT";"OBTER_LIVRO_POR_ISBN";"1368022181.149926";"1368022181.150245";"0.000319";
"CLIENT";"OBTER_LIVRO_POR_ISBN";"1368022181.150285";"1368022181.150590";"0.000305";
"CLIENT";"OBTER_LIVRO_POR_ISBN";"1368022181.150629";"1368022181.150896";"0.000267";
"CLIENT";"OBTER_LIVRO_POR_ISBN";"1368022181.150934";"1368022181.151192";"0.000258";
"CLIENT";"OBTER_LIVRO_POR_ISBN";"1368022181.151232";"1368022181.151481";"0.000249";
"CLIENT";"OBTER_LIVRO_POR_ISBN";"1368022181.151519";"1368022181.151776";"0.000257";
"CLIENT";"OBTER_LIVRO_POR_ISBN";"1368022181.151814";"1368022181.152065";"0.000251";
"CLIENT";"OBTER_LIVRO_POR_ISBN";"1368022181.152112";"1368022181.152344";"0.000232";
"CLIENT";"OBTER_LIVRO_POR_ISBN";"1368022181.152386";"1368022181.152615";"0.000229";
"CLIENT";"OBTER_LIVRO_POR_ISBN";"1368022181.152676";"1368022181.152989";"0.000313";
"CLIENT";"OBTER_LIVRO_POR_ISBN";"1368022181.153033";"1368022181.153334";"0.000301";
"CLIENT";"OBTER_TODOS_LIVROS";"1368022181.153378";"1368022181.173579";"0.020201";
"CLIENT";"OBTER_TODOS_LIVROS";"1368022181.173670";"1368022181.211842";"0.038172";
"CLIENT";"OBTER_TODOS_LIVROS";"1368022181.211952";"1368022181.230622";"0.018670";
"CLIENT";"OBTER_TODOS_LIVROS";"1368022181.230720";"1368022181.252176";"0.021456";
"CLIENT";"OBTER_TODOS_LIVROS";"1368022181.252252";"1368022181.289288";"0.037036";
"CLIENT";"OBTER_TODOS_LIVROS";"1368022181.289389";"1368022181.311167";"0.021778";
"CLIENT";"OBTER_TODOS_LIVROS";"1368022181.311371";"1368022181.341024";"0.029653";
"CLIENT";"OBTER_TODOS_LIVROS";"1368022181.341117";"1368022181.380934";"0.039817";
"CLIENT";"OBTER_TODOS_LIVROS";"1368022181.381087";"1368022181.400446";"0.019359";
"CLIENT";"OBTER_TODOS_LIVROS";"1368022181.400620";"1368022181.445496";"0.044876";
"CLIENT";"OBTER_TODOS_LIVROS";"1368022181.445700";"1368022181.482366";"0.036666";
"CLIENT";"OBTER_TODOS_LIVROS";"1368022181.482454";"1368022181.502982";"0.020528";
"CLIENT";"OBTER_TODOS_LIVROS";"1368022181.503077";"1368022181.519911";"0.016834";
"CLIENT";"OBTER_TODOS_LIVROS";"1368022181.520062";"1368022181.563115";"0.043053";
"CLIENT";"OBTER_TODOS_LIVROS";"1368022181.563218";"1368022181.573912";"0.010694";
"CLIENT";"OBTER_TODOS_LIVROS";"1368022181.601076";"1368022181.611314";"0.010238";
"CLIENT";"OBTER_TODOS_LIVROS";"1368022181.611657";"1368022181.641375";"0.029718";
"CLIENT";"OBTER_TODOS_LIVROS";"1368022181.641526";"1368022181.681801";"0.040275";
"CLIENT";"OBTER_TODOS_LIVROS";"1368022181.681898";"1368022181.720194";"0.038296";
"CLIENT";"OBTER_TODOS_LIVROS";"1368022181.720275";"1368022181.751824";"0.031549";
"CLIENT";"OBTER_TODOS_LIVROS";"1368022181.751919";"1368022181.774872";"0.022953";
"CLIENT";"OBTER_TODOS_LIVROS";"1368022181.774954";"1368022181.801134";"0.026180";
"CLIENT";"OBTER_TODOS_LIVROS";"1368022181.801213";"1368022181.810268";"0.009055";
"CLIENT";"OBTER_TODOS_LIVROS";"1368022181.810345";"1368022181.833872";"0.023527";
"CLIENT";"OBTER_TODOS_LIVROS";"1368022181.833959";"1368022181.859959";"0.026000";
"CLIENT";"OBTER_TODOS_LIVROS";"1368022181.860025";"1368022181.894036";"0.034011";
"CLIENT";"OBTER_TODOS_LIVROS";"1368022181.894137";"1368022181.901788";"0.007651";
"CLIENT";"OBTER_TODOS_LIVROS";"1368022181.901867";"1368022181.922022";"0.020155";
"CLIENT";"OBTER_TODOS_LIVROS";"1368022181.922096";"1368022181.960962";"0.038866";
"CLIENT";"OBTER_TODOS_LIVROS";"1368022181.961120";"1368022181.971089";"0.009969";
"CLIENT";"OBTER_TODOS_LIVROS";"1368022181.971208";"1368022182.000489";"1.-970718";
"CLIENT";"OBTER_TODOS_LIVROS";"1368022182.000568";"1368022182.035889";"0.035321";
"CLIENT";"OBTER_TODOS_LIVROS";"1368022182.035968";"1368022182.054659";"0.018691";
"CLIENT";"OBTER_TODOS_LIVROS";"1368022182.054770";"1368022182.081166";"0.026396";
"CLIENT";"OBTER_TODOS_LIVROS";"1368022182.081320";"1368022182.124497";"0.043177";
"CLIENT";"OBTER_TODOS_LIVROS";"1368022182.124581";"1368022182.150932";"0.026351";
"CLIENT";"OBTER_TODOS_LIVROS";"1368022182.151122";"1368022182.171236";"0.020114";
"CLIENT";"OBTER_TODOS_LIVROS";"1368022182.171309";"1368022182.200999";"0.029690";
"CLIENT";"OBTER_TODOS_LIVROS";"1368022182.201080";"1368022182.223102";"0.022022";
"CLIENT";"OBTER_TODOS_LIVROS";"1368022182.223192";"1368022182.260281";"0.037089";
"CLIENT";"OBTER_TODOS_LIVROS";"1368022182.260421";"1368022182.285262";"0.024841";
"CLIENT";"OBTER_TODOS_LIVROS";"1368022182.285340";"1368022182.301418";"0.016078";
"CLIENT";"OBTER_TODOS_LIVROS";"1368022182.301518";"1368022182.351181";"0.049663";
"CLIENT";"OBTER_TODOS_LIVROS";"1368022182.351337";"1368022182.369509";"0.018172";
"CLIENT";"OBTER_TODOS_LIVROS";"1368022182.369594";"1368022182.390438";"0.020844";
"CLIENT";"OBTER_TODOS_LIVROS";"1368022182.390521";"1368022182.410590";"0.020069";
"CLIENT";"OBTER_TODOS_LIVROS";"1368022182.410682";"1368022182.430896";"0.020214";
"CLIENT";"OBTER_TODOS_LIVROS";"1368022182.431019";"1368022182.480468";"0.049449";
"CLIENT";"OBTER_TODOS_LIVROS";"1368022182.480546";"1368022182.490150";"0.009604";
"CLIENT";"OBTER_TODOS_LIVROS";"1368022182.490220";"1368022182.530098";"0.039878";
"CLIENT";"ALTERAR_NR_EXEMPLARES_ESTOQUE";"1368022182.530185";"1368022182.538986";"0.008801";
"CLIENT";"ALTERAR_NR_EXEMPLARES_ESTOQUE";"1368022182.539266";"1368022182.539742";"0.000476";
"CLIENT";"ALTERAR_NR_EXEMPLARES_ESTOQUE";"1368022182.539784";"1368022182.540076";"0.000292";
"CLIENT";"ALTERAR_NR_EXEMPLARES_ESTOQUE";"1368022182.540115";"1368022182.540402";"0.000287";
"CLIENT";"ALTERAR_NR_EXEMPLARES_ESTOQUE";"1368022182.540441";"1368022182.540752";"0.000311";
"CLIENT";"ALTERAR_NR_EXEMPLARES_ESTOQUE";"1368022182.540791";"1368022182.541168";"0.000377";
"CLIENT";"ALTERAR_NR_EXEMPLARES_ESTOQUE";"1368022182.541265";"1368022182.541820";"0.000555";
"CLIENT";"ALTERAR_NR_EXEMPLARES_ESTOQUE";"1368022182.541899";"1368022182.542293";"0.000394";
"CLIENT";"ALTERAR_NR_EXEMPLARES_ESTOQUE";"1368022182.542332";"1368022182.542618";"0.000286";
"CLIENT";"ALTERAR_NR_EXEMPLARES_ESTOQUE";"1368022182.542657";"1368022182.542940";"0.000283";
"CLIENT";"ALTERAR_NR_EXEMPLARES_ESTOQUE";"1368022182.542979";"1368022182.543298";"0.000319";
"CLIENT";"ALTERAR_NR_EXEMPLARES_ESTOQUE";"1368022182.543350";"1368022182.546220";"0.002870";
"CLIENT";"ALTERAR_NR_EXEMPLARES_ESTOQUE";"1368022182.546517";"1368022182.549299";"0.002782";
"CLIENT";"ALTERAR_NR_EXEMPLARES_ESTOQUE";"1368022182.549786";"1368022182.561045";"0.011259";
"CLIENT";"ALTERAR_NR_EXEMPLARES_ESTOQUE";"1368022182.561176";"1368022182.563865";"0.002689";
"CLIENT";"ALTERAR_NR_EXEMPLARES_ESTOQUE";"1368022182.563931";"1368022182.569866";"0.005935";
"CLIENT";"ALTERAR_NR_EXEMPLARES_ESTOQUE";"1368022182.570152";"1368022182.570657";"0.000505";
"CLIENT";"ALTERAR_NR_EXEMPLARES_ESTOQUE";"1368022182.570722";"1368022182.571064";"0.000342";
"CLIENT";"ALTERAR_NR_EXEMPLARES_ESTOQUE";"1368022182.571106";"1368022182.571431";"0.000325";
"CLIENT";"ALTERAR_NR_EXEMPLARES_ESTOQUE";"1368022182.571472";"1368022182.571812";"0.000340";
"CLIENT";"ALTERAR_NR_EXEMPLARES_ESTOQUE";"1368022182.571866";"1368022182.572303";"0.000437";
"CLIENT";"ALTERAR_NR_EXEMPLARES_ESTOQUE";"1368022182.572343";"1368022182.572680";"0.000337";
"CLIENT";"ALTERAR_NR_EXEMPLARES_ESTOQUE";"1368022182.572722";"1368022182.573043";"0.000321";
"CLIENT";"ALTERAR_NR_EXEMPLARES_ESTOQUE";"1368022182.573083";"1368022182.573418";"0.000335";
"CLIENT";"ALTERAR_NR_EXEMPLARES_ESTOQUE";"1368022182.573475";"1368022182.573809";"0.000334";
"CLIENT";"ALTERAR_NR_EXEMPLARES_ESTOQUE";"1368022182.573863";"1368022182.574171";"0.000308";
"CLIENT";"ALTERAR_NR_EXEMPLARES_ESTOQUE";"1368022182.574224";"1368022182.574511";"0.000287";
"CLIENT";"ALTERAR_NR_EXEMPLARES_ESTOQUE";"1368022182.574551";"1368022182.579404";"0.004853";
"CLIENT";"ALTERAR_NR_EXEMPLARES_ESTOQUE";"1368022182.579608";"1368022182.579923";"0.000315";
"CLIENT";"ALTERAR_NR_EXEMPLARES_ESTOQUE";"1368022182.579964";"1368022182.580265";"0.000301";
"CLIENT";"ALTERAR_NR_EXEMPLARES_ESTOQUE";"1368022182.580304";"1368022182.580596";"0.000292";
"CLIENT";"ALTERAR_NR_EXEMPLARES_ESTOQUE";"1368022182.580636";"1368022182.581068";"0.000432";
"CLIENT";"ALTERAR_NR_EXEMPLARES_ESTOQUE";"1368022182.581222";"1368022182.581749";"0.000527";
"CLIENT";"ALTERAR_NR_EXEMPLARES_ESTOQUE";"1368022182.581808";"1368022182.582158";"0.000350";
"CLIENT";"ALTERAR_NR_EXEMPLARES_ESTOQUE";"1368022182.582216";"1368022182.599538";"0.017322";
"CLIENT";"ALTERAR_NR_EXEMPLARES_ESTOQUE";"1368022182.599826";"1368022182.603006";"0.003180";
"CLIENT";"ALTERAR_NR_EXEMPLARES_ESTOQUE";"1368022182.603119";"1368022182.604952";"0.001833";
"CLIENT";"ALTERAR_NR_EXEMPLARES_ESTOQUE";"1368022182.605061";"1368022182.609560";"0.004499";
"CLIENT";"ALTERAR_NR_EXEMPLARES_ESTOQUE";"1368022182.609846";"1368022182.610357";"0.000511";
"CLIENT";"ALTERAR_NR_EXEMPLARES_ESTOQUE";"1368022182.610415";"1368022182.610863";"0.000448";
"CLIENT";"ALTERAR_NR_EXEMPLARES_ESTOQUE";"1368022182.610920";"1368022182.611368";"0.000448";
"CLIENT";"ALTERAR_NR_EXEMPLARES_ESTOQUE";"1368022182.611433";"1368022182.611992";"0.000559";
"CLIENT";"ALTERAR_NR_EXEMPLARES_ESTOQUE";"1368022182.612066";"1368022182.612441";"0.000375";
"CLIENT";"ALTERAR_NR_EXEMPLARES_ESTOQUE";"1368022182.612495";"1368022182.612786";"0.000291";
"CLIENT";"ALTERAR_NR_EXEMPLARES_ESTOQUE";"1368022182.612827";"1368022182.613114";"0.000287";
"CLIENT";"ALTERAR_NR_EXEMPLARES_ESTOQUE";"1368022182.613154";"1368022182.614267";"0.001113";
"CLIENT";"ALTERAR_NR_EXEMPLARES_ESTOQUE";"1368022182.614348";"1368022182.630650";"0.016302";
"CLIENT";"ALTERAR_NR_EXEMPLARES_ESTOQUE";"1368022182.630943";"1368022182.631602";"0.000659";
"CLIENT";"ALTERAR_NR_EXEMPLARES_ESTOQUE";"1368022182.631673";"1368022182.632171";"0.000498";
"CLIENT";"ALTERAR_NR_EXEMPLARES_ESTOQUE";"1368022182.632235";"1368022182.632737";"0.000502";
"CLIENT";"OBTER_NR_EXEMPLARES_ESTOQUE";"1368022182.632802";"1368022182.639442";"0.006640";
"CLIENT";"OBTER_NR_EXEMPLARES_ESTOQUE";"1368022182.639939";"1368022182.640357";"0.000418";
"CLIENT";"OBTER_NR_EXEMPLARES_ESTOQUE";"1368022182.640416";"1368022182.640668";"0.000252";
"CLIENT";"OBTER_NR_EXEMPLARES_ESTOQUE";"1368022182.640712";"1368022182.643555";"0.002843";
"CLIENT";"OBTER_NR_EXEMPLARES_ESTOQUE";"1368022182.644100";"1368022182.644582";"0.000482";
"CLIENT";"OBTER_NR_EXEMPLARES_ESTOQUE";"1368022182.644625";"1368022182.662334";"0.017709";
"CLIENT";"OBTER_NR_EXEMPLARES_ESTOQUE";"1368022182.662416";"1368022182.665611";"0.003195";
"CLIENT";"OBTER_NR_EXEMPLARES_ESTOQUE";"1368022182.666178";"1368022182.670334";"0.004156";
"CLIENT";"OBTER_NR_EXEMPLARES_ESTOQUE";"1368022182.670600";"1368022182.671030";"0.000430";
"CLIENT";"OBTER_NR_EXEMPLARES_ESTOQUE";"1368022182.671086";"1368022182.671403";"0.000317";
"CLIENT";"OBTER_NR_EXEMPLARES_ESTOQUE";"1368022182.671469";"1368022182.671837";"0.000368";
"CLIENT";"OBTER_NR_EXEMPLARES_ESTOQUE";"1368022182.671894";"1368022182.672202";"0.000308";
"CLIENT";"OBTER_NR_EXEMPLARES_ESTOQUE";"1368022182.672263";"1368022182.672743";"0.000480";
"CLIENT";"OBTER_NR_EXEMPLARES_ESTOQUE";"1368022182.672833";"1368022182.673190";"0.000357";
"CLIENT";"OBTER_NR_EXEMPLARES_ESTOQUE";"1368022182.673259";"1368022182.673529";"0.000270";
"CLIENT";"OBTER_NR_EXEMPLARES_ESTOQUE";"1368022182.673573";"1368022182.674221";"0.000648";
"CLIENT";"OBTER_NR_EXEMPLARES_ESTOQUE";"1368022182.674269";"1368022182.680294";"0.006025";
"CLIENT";"OBTER_NR_EXEMPLARES_ESTOQUE";"1368022182.680692";"1368022182.689319";"0.008627";
"CLIENT";"OBTER_NR_EXEMPLARES_ESTOQUE";"1368022182.689546";"1368022182.692306";"0.002760";
"CLIENT";"OBTER_NR_EXEMPLARES_ESTOQUE";"1368022182.692418";"1368022182.704982";"0.012564";
"CLIENT";"OBTER_NR_EXEMPLARES_ESTOQUE";"1368022182.705303";"1368022182.710217";"0.004914";
"CLIENT";"OBTER_NR_EXEMPLARES_ESTOQUE";"1368022182.710600";"1368022182.710945";"0.000345";
"CLIENT";"OBTER_NR_EXEMPLARES_ESTOQUE";"1368022182.710989";"1368022182.711217";"0.000228";
"CLIENT";"OBTER_NR_EXEMPLARES_ESTOQUE";"1368022182.711256";"1368022182.711503";"0.000247";
"CLIENT";"OBTER_NR_EXEMPLARES_ESTOQUE";"1368022182.711542";"1368022182.711826";"0.000284";
"CLIENT";"OBTER_NR_EXEMPLARES_ESTOQUE";"1368022182.711866";"1368022182.712139";"0.000273";
"CLIENT";"OBTER_NR_EXEMPLARES_ESTOQUE";"1368022182.712189";"1368022182.712458";"0.000269";
"CLIENT";"OBTER_NR_EXEMPLARES_ESTOQUE";"1368022182.712500";"1368022182.712747";"0.000247";
"CLIENT";"OBTER_NR_EXEMPLARES_ESTOQUE";"1368022182.712786";"1368022182.713073";"0.000287";
"CLIENT";"OBTER_NR_EXEMPLARES_ESTOQUE";"1368022182.713113";"1368022182.713381";"0.000268";
"CLIENT";"OBTER_NR_EXEMPLARES_ESTOQUE";"1368022182.713420";"1368022182.713698";"0.000278";
"CLIENT";"OBTER_NR_EXEMPLARES_ESTOQUE";"1368022182.713754";"1368022182.723587";"0.009833";
"CLIENT";"OBTER_NR_EXEMPLARES_ESTOQUE";"1368022182.724813";"1368022182.731288";"0.006475";
"CLIENT";"OBTER_NR_EXEMPLARES_ESTOQUE";"1368022182.731715";"1368022182.732107";"0.000392";
"CLIENT";"OBTER_NR_EXEMPLARES_ESTOQUE";"1368022182.732173";"1368022182.732516";"0.000343";
"CLIENT";"OBTER_NR_EXEMPLARES_ESTOQUE";"1368022182.732605";"1368022182.732968";"0.000363";
"CLIENT";"OBTER_NR_EXEMPLARES_ESTOQUE";"1368022182.733145";"1368022182.733558";"0.000413";
"CLIENT";"OBTER_NR_EXEMPLARES_ESTOQUE";"1368022182.733634";"1368022182.733945";"0.000311";
"CLIENT";"OBTER_NR_EXEMPLARES_ESTOQUE";"1368022182.734074";"1368022182.740239";"0.006165";
"CLIENT";"OBTER_NR_EXEMPLARES_ESTOQUE";"1368022182.740496";"1368022182.740924";"0.000428";
"CLIENT";"OBTER_NR_EXEMPLARES_ESTOQUE";"1368022182.740989";"1368022182.741274";"0.000285";
"CLIENT";"OBTER_NR_EXEMPLARES_ESTOQUE";"1368022182.741332";"1368022182.741608";"0.000276";
"CLIENT";"OBTER_NR_EXEMPLARES_ESTOQUE";"1368022182.741668";"1368022182.745397";"0.003729";
"CLIENT";"OBTER_NR_EXEMPLARES_ESTOQUE";"1368022182.745953";"1368022182.750125";"0.004172";
"CLIENT";"OBTER_NR_EXEMPLARES_ESTOQUE";"1368022182.750335";"1368022182.765442";"0.015107";
"CLIENT";"OBTER_NR_EXEMPLARES_ESTOQUE";"1368022182.765628";"1368022182.770202";"0.004574";
"CLIENT";"OBTER_NR_EXEMPLARES_ESTOQUE";"1368022182.770407";"1368022182.770684";"0.000277";
"CLIENT";"OBTER_NR_EXEMPLARES_ESTOQUE";"1368022182.770726";"1368022182.770992";"0.000266";
"CLIENT";"OBTER_NR_EXEMPLARES_ESTOQUE";"1368022182.771031";"1368022182.771339";"0.000308";
"CLIENT";"OBTER_NR_EXEMPLARES_ESTOQUE";"1368022182.771397";"1368022182.771774";"0.000377";
