SERVER;OBTER_USUARIO_POR_LOGIN;1369782461734;1369782461736;2;0,002000;
SERVER;OBTER_EXEMPLAR_POR_ISBN;1369782461757;1369782461757;0;0,000000;
SERVER;OBTER_TODOS_ISBNS;1369782461757;1369782461881;124;0,124000;
SERVER;OBTER_EXEMPLAR_POR_ISBN;1369782461950;1369782461950;0;0,000000;
SERVER;OBTER_TODOS_ISBNS;1369782461950;1369782461955;5;0,005000;
SERVER;OBTER_EXEMPLAR_POR_ISBN;1369782461969;1369782461969;0;0,000000;
SERVER;OBTER_TODOS_ISBNS;1369782461969;1369782461974;5;0,005000;
SERVER;OBTER_EXEMPLAR_POR_ISBN;1369782461986;1369782461986;0;0,000000;
SERVER;OBTER_TODOS_ISBNS;1369782461986;1369782461989;3;0,003000;
SERVER;OBTER_EXEMPLAR_POR_ISBN;1369782462004;1369782462004;0;0,000000;
SERVER;OBTER_TODOS_ISBNS;1369782462004;1369782462008;4;0,004000;
SERVER;OBTER_EXEMPLAR_POR_ISBN;1369782462029;1369782462029;0;0,000000;
SERVER;OBTER_TODOS_ISBNS;1369782462029;1369782462033;4;0,004000;
SERVER;OBTER_EXEMPLAR_POR_ISBN;1369782462049;1369782462049;0;0,000000;
SERVER;OBTER_TODOS_ISBNS;1369782462049;1369782462053;4;0,004000;
SERVER;OBTER_EXEMPLAR_POR_ISBN;1369782462072;1369782462072;0;0,000000;
SERVER;OBTER_TODOS_ISBNS;1369782462072;1369782462075;3;0,003000;
SERVER;OBTER_EXEMPLAR_POR_ISBN;1369782462481;1369782462481;0;0,000000;
SERVER;OBTER_TODOS_ISBNS;1369782462481;1369782462485;4;0,004000;
SERVER;OBTER_EXEMPLAR_POR_ISBN;1369782462513;1369782462513;0;0,000000;
SERVER;OBTER_TODOS_ISBNS;1369782462513;1369782462518;5;0,005000;
SERVER;OBTER_EXEMPLAR_POR_ISBN;1369782462540;1369782462540;0;0,000000;
SERVER;OBTER_TODOS_ISBNS;1369782462540;1369782462544;4;0,004000;
SERVER;OBTER_EXEMPLAR_POR_ISBN;1369782462558;1369782462558;0;0,000000;
SERVER;OBTER_TODOS_ISBNS;1369782462558;1369782462562;4;0,004000;
SERVER;OBTER_EXEMPLAR_POR_ISBN;1369782462575;1369782462575;0;0,000000;
SERVER;OBTER_TODOS_ISBNS;1369782462575;1369782462579;4;0,004000;
SERVER;OBTER_EXEMPLAR_POR_ISBN;1369782462609;1369782462609;0;0,000000;
SERVER;OBTER_TODOS_ISBNS;1369782462609;1369782462614;5;0,005000;
SERVER;OBTER_EXEMPLAR_POR_ISBN;1369782462627;1369782462627;0;0,000000;
SERVER;OBTER_TODOS_ISBNS;1369782462627;1369782462632;5;0,005000;
SERVER;OBTER_EXEMPLAR_POR_ISBN;1369782462998;1369782462998;0;0,000000;
SERVER;OBTER_TODOS_ISBNS;1369782462998;1369782463002;4;0,004000;
SERVER;OBTER_EXEMPLAR_POR_ISBN;1369782463020;1369782463020;0;0,000000;
SERVER;OBTER_TODOS_ISBNS;1369782463020;1369782463050;30;0,030000;
SERVER;OBTER_EXEMPLAR_POR_ISBN;1369782463066;1369782463066;0;0,000000;
SERVER;OBTER_TODOS_ISBNS;1369782463066;1369782463070;4;0,004000;
SERVER;OBTER_EXEMPLAR_POR_ISBN;1369782463087;1369782463087;0;0,000000;
SERVER;OBTER_TODOS_ISBNS;1369782463087;1369782463092;5;0,005000;
SERVER;OBTER_EXEMPLAR_POR_ISBN;1369782463119;1369782463119;0;0,000000;
SERVER;OBTER_TODOS_ISBNS;1369782463119;1369782463124;5;0,005000;
SERVER;OBTER_EXEMPLAR_POR_ISBN;1369782463141;1369782463141;0;0,000000;
SERVER;OBTER_TODOS_ISBNS;1369782463141;1369782463146;5;0,005000;
SERVER;OBTER_EXEMPLAR_POR_ISBN;1369782463184;1369782463184;0;0,000000;
SERVER;OBTER_TODOS_ISBNS;1369782463184;1369782463189;5;0,005000;
SERVER;OBTER_EXEMPLAR_POR_ISBN;1369782463206;1369782463206;0;0,000000;
SERVER;OBTER_TODOS_ISBNS;1369782463206;1369782463210;4;0,004000;
SERVER;OBTER_EXEMPLAR_POR_ISBN;1369782463226;1369782463226;0;0,000000;
SERVER;OBTER_TODOS_ISBNS;1369782463226;1369782463231;5;0,005000;
SERVER;OBTER_EXEMPLAR_POR_ISBN;1369782463252;1369782463252;0;0,000000;
SERVER;OBTER_TODOS_ISBNS;1369782463252;1369782463256;4;0,004000;
SERVER;OBTER_EXEMPLAR_POR_ISBN;1369782463274;1369782463274;0;0,000000;
SERVER;OBTER_TODOS_ISBNS;1369782463274;1369782463280;6;0,006000;
SERVER;OBTER_EXEMPLAR_POR_ISBN;1369782463300;1369782463300;0;0,000000;
SERVER;OBTER_TODOS_ISBNS;1369782463300;1369782463306;6;0,006000;
SERVER;OBTER_EXEMPLAR_POR_ISBN;1369782463322;1369782463322;0;0,000000;
SERVER;OBTER_TODOS_ISBNS;1369782463322;1369782463327;5;0,005000;
SERVER;OBTER_EXEMPLAR_POR_ISBN;1369782463342;1369782463342;0;0,000000;
SERVER;OBTER_TODOS_ISBNS;1369782463342;1369782463348;6;0,006000;
SERVER;OBTER_EXEMPLAR_POR_ISBN;1369782463375;1369782463375;0;0,000000;
SERVER;OBTER_TODOS_ISBNS;1369782463375;1369782463381;6;0,006000;
SERVER;OBTER_EXEMPLAR_POR_ISBN;1369782463401;1369782463401;0;0,000000;
SERVER;OBTER_TODOS_ISBNS;1369782463401;1369782463406;5;0,005000;
SERVER;OBTER_EXEMPLAR_POR_ISBN;1369782463437;1369782463437;0;0,000000;
SERVER;OBTER_TODOS_ISBNS;1369782463437;1369782463443;6;0,006000;
SERVER;OBTER_EXEMPLAR_POR_ISBN;1369782463467;1369782463467;0;0,000000;
SERVER;OBTER_TODOS_ISBNS;1369782463467;1369782463472;5;0,005000;
SERVER;OBTER_EXEMPLAR_POR_ISBN;1369782463487;1369782463487;0;0,000000;
SERVER;OBTER_TODOS_ISBNS;1369782463487;1369782463493;6;0,006000;
SERVER;OBTER_EXEMPLAR_POR_ISBN;1369782463508;1369782463508;0;0,000000;
SERVER;OBTER_TODOS_ISBNS;1369782463508;1369782463513;5;0,005000;
SERVER;OBTER_EXEMPLAR_POR_ISBN;1369782463529;1369782463529;0;0,000000;
SERVER;OBTER_TODOS_ISBNS;1369782463529;1369782463533;4;0,004000;
SERVER;OBTER_EXEMPLAR_POR_ISBN;1369782463573;1369782463573;0;0,000000;
SERVER;OBTER_TODOS_ISBNS;1369782463573;1369782463579;6;0,006000;
SERVER;OBTER_EXEMPLAR_POR_ISBN;1369782463598;1369782463598;0;0,000000;
SERVER;OBTER_TODOS_ISBNS;1369782463598;1369782463603;5;0,005000;
SERVER;OBTER_EXEMPLAR_POR_ISBN;1369782463618;1369782463618;0;0,000000;
SERVER;OBTER_TODOS_ISBNS;1369782463618;1369782463623;5;0,005000;
SERVER;OBTER_EXEMPLAR_POR_ISBN;1369782463642;1369782463642;0;0,000000;
SERVER;OBTER_TODOS_ISBNS;1369782463642;1369782463648;6;0,006000;
SERVER;OBTER_EXEMPLAR_POR_ISBN;1369782464199;1369782464199;0;0,000000;
SERVER;OBTER_TODOS_ISBNS;1369782464199;1369782464206;7;0,007000;
SERVER;OBTER_EXEMPLAR_POR_ISBN;1369782464230;1369782464230;0;0,000000;
SERVER;OBTER_TODOS_ISBNS;1369782464230;1369782464235;5;0,005000;
SERVER;OBTER_EXEMPLAR_POR_ISBN;1369782464257;1369782464257;0;0,000000;
SERVER;OBTER_TODOS_ISBNS;1369782464257;1369782464262;5;0,005000;
SERVER;OBTER_EXEMPLAR_POR_ISBN;1369782464290;1369782464290;0;0,000000;
SERVER;OBTER_TODOS_ISBNS;1369782464290;1369782464296;6;0,006000;
SERVER;OBTER_EXEMPLAR_POR_ISBN;1369782464317;1369782464317;0;0,000000;
SERVER;OBTER_TODOS_ISBNS;1369782464317;1369782464323;6;0,006000;
SERVER;OBTER_EXEMPLAR_POR_ISBN;1369782464910;1369782464910;0;0,000000;
SERVER;OBTER_TODOS_ISBNS;1369782464910;1369782464916;6;0,006000;
SERVER;OBTER_EXEMPLAR_POR_ISBN;1369782464937;1369782464937;0;0,000000;
SERVER;OBTER_TODOS_ISBNS;1369782464937;1369782464943;6;0,006000;
SERVER;OBTER_EXEMPLAR_POR_ISBN;1369782465552;1369782465552;0;0,000000;
SERVER;OBTER_TODOS_ISBNS;1369782465552;1369782465559;7;0,007000;
SERVER;OBTER_EXEMPLAR_POR_ISBN;1369782465581;1369782465581;0;0,000000;
SERVER;OBTER_TODOS_ISBNS;1369782465581;1369782465586;5;0,005000;
SERVER;OBTER_EXEMPLAR_POR_ISBN;1369782465608;1369782465608;0;0,000000;
SERVER;OBTER_TODOS_ISBNS;1369782465608;1369782465616;8;0,008000;
SERVER;OBTER_EXEMPLAR_POR_ISBN;1369782465634;1369782465634;0;0,000000;
SERVER;OBTER_EXEMPLAR_POR_ISBN;1369782465634;1369782465640;6;0,006000;
SERVER;OBTER_DESCRICAO_POR_ISBN;1369782465634;1369782465646;12;0,012000;
SERVER;OBTER_EXEMPLAR_POR_ISBN;1369782465658;1369782465658;0;0,000000;
SERVER;OBTER_EXEMPLAR_POR_ISBN;1369782465658;1369782465666;8;0,008000;
SERVER;OBTER_DESCRICAO_POR_ISBN;1369782465658;1369782465671;13;0,013000;
SERVER;OBTER_EXEMPLAR_POR_ISBN;1369782465697;1369782465697;0;0,000000;
SERVER;OBTER_EXEMPLAR_POR_ISBN;1369782465697;1369782465702;5;0,005000;
SERVER;OBTER_DESCRICAO_POR_ISBN;1369782465697;1369782465708;11;0,011000;
SERVER;OBTER_EXEMPLAR_POR_ISBN;1369782466734;1369782466734;0;0,000000;
SERVER;OBTER_EXEMPLAR_POR_ISBN;1369782466734;1369782466740;6;0,006000;
SERVER;OBTER_DESCRICAO_POR_ISBN;1369782466734;1369782466745;11;0,011000;
SERVER;OBTER_EXEMPLAR_POR_ISBN;1369782466763;1369782466763;0;0,000000;
SERVER;OBTER_EXEMPLAR_POR_ISBN;1369782466763;1369782466767;4;0,004000;
SERVER;OBTER_DESCRICAO_POR_ISBN;1369782466763;1369782466773;10;0,010000;
SERVER;OBTER_EXEMPLAR_POR_ISBN;1369782466784;1369782466784;0;0,000000;
SERVER;OBTER_EXEMPLAR_POR_ISBN;1369782466784;1369782466789;5;0,005000;
SERVER;OBTER_DESCRICAO_POR_ISBN;1369782466784;1369782466796;12;0,012000;
SERVER;OBTER_EXEMPLAR_POR_ISBN;1369782467314;1369782467314;0;0,000000;
SERVER;OBTER_EXEMPLAR_POR_ISBN;1369782467314;1369782467321;7;0,007000;
SERVER;OBTER_DESCRICAO_POR_ISBN;1369782467314;1369782467329;15;0,015000;
SERVER;OBTER_EXEMPLAR_POR_ISBN;1369782467345;1369782467345;0;0,000000;
SERVER;OBTER_EXEMPLAR_POR_ISBN;1369782467345;1369782467351;6;0,006000;
SERVER;OBTER_DESCRICAO_POR_ISBN;1369782467345;1369782467356;11;0,011000;
SERVER;OBTER_EXEMPLAR_POR_ISBN;1369782468123;1369782468123;0;0,000000;
SERVER;OBTER_EXEMPLAR_POR_ISBN;1369782468123;1369782468128;5;0,005000;
SERVER;OBTER_DESCRICAO_POR_ISBN;1369782468123;1369782468134;11;0,011000;
SERVER;OBTER_EXEMPLAR_POR_ISBN;1369782468149;1369782468149;0;0,000000;
SERVER;OBTER_EXEMPLAR_POR_ISBN;1369782468149;1369782468154;5;0,005000;
SERVER;OBTER_DESCRICAO_POR_ISBN;1369782468149;1369782468160;11;0,011000;
SERVER;OBTER_EXEMPLAR_POR_ISBN;1369782468820;1369782468820;0;0,000000;
SERVER;OBTER_EXEMPLAR_POR_ISBN;1369782468820;1369782468826;6;0,006000;
SERVER;OBTER_DESCRICAO_POR_ISBN;1369782468820;1369782468831;11;0,011000;
SERVER;OBTER_EXEMPLAR_POR_ISBN;1369782468848;1369782468848;0;0,000000;
SERVER;OBTER_EXEMPLAR_POR_ISBN;1369782468848;1369782468855;7;0,007000;
SERVER;OBTER_DESCRICAO_POR_ISBN;1369782468848;1369782468860;12;0,012000;
SERVER;OBTER_EXEMPLAR_POR_ISBN;1369782468874;1369782468874;0;0,000000;
SERVER;OBTER_EXEMPLAR_POR_ISBN;1369782468874;1369782468881;7;0,007000;
SERVER;OBTER_DESCRICAO_POR_ISBN;1369782468874;1369782468887;13;0,013000;
SERVER;OBTER_EXEMPLAR_POR_ISBN;1369782468909;1369782468909;0;0,000000;
SERVER;OBTER_EXEMPLAR_POR_ISBN;1369782468909;1369782468914;5;0,005000;
SERVER;OBTER_DESCRICAO_POR_ISBN;1369782468909;1369782468920;11;0,011000;
SERVER;OBTER_EXEMPLAR_POR_ISBN;1369782468932;1369782468932;0;0,000000;
SERVER;OBTER_EXEMPLAR_POR_ISBN;1369782468932;1369782468937;5;0,005000;
SERVER;OBTER_DESCRICAO_POR_ISBN;1369782468932;1369782468942;10;0,010000;
SERVER;OBTER_EXEMPLAR_POR_ISBN;1369782468959;1369782468959;0;0,000000;
SERVER;OBTER_EXEMPLAR_POR_ISBN;1369782468959;1369782468963;4;0,004000;
SERVER;OBTER_DESCRICAO_POR_ISBN;1369782468959;1369782468968;9;0,009000;
SERVER;OBTER_EXEMPLAR_POR_ISBN;1369782468979;1369782468979;0;0,000000;
SERVER;OBTER_EXEMPLAR_POR_ISBN;1369782468979;1369782468986;7;0,007000;
SERVER;OBTER_DESCRICAO_POR_ISBN;1369782468979;1369782468992;13;0,013000;
SERVER;OBTER_EXEMPLAR_POR_ISBN;1369782469005;1369782469005;0;0,000000;
SERVER;OBTER_EXEMPLAR_POR_ISBN;1369782469005;1369782469012;7;0,007000;
SERVER;OBTER_DESCRICAO_POR_ISBN;1369782469005;1369782469018;13;0,013000;
SERVER;OBTER_EXEMPLAR_POR_ISBN;1369782469809;1369782469809;0;0,000000;
SERVER;OBTER_EXEMPLAR_POR_ISBN;1369782469809;1369782469820;11;0,011000;
SERVER;OBTER_DESCRICAO_POR_ISBN;1369782469809;1369782469826;17;0,017000;
SERVER;OBTER_EXEMPLAR_POR_ISBN;1369782469841;1369782469841;0;0,000000;
SERVER;OBTER_EXEMPLAR_POR_ISBN;1369782469841;1369782469847;6;0,006000;
SERVER;OBTER_DESCRICAO_POR_ISBN;1369782469841;1369782469852;11;0,011000;
SERVER;OBTER_EXEMPLAR_POR_ISBN;1369782469870;1369782469870;0;0,000000;
SERVER;OBTER_EXEMPLAR_POR_ISBN;1369782469870;1369782469875;5;0,005000;
SERVER;OBTER_DESCRICAO_POR_ISBN;1369782469870;1369782469881;11;0,011000;
SERVER;OBTER_EXEMPLAR_POR_ISBN;1369782469894;1369782469894;0;0,000000;
SERVER;OBTER_EXEMPLAR_POR_ISBN;1369782469894;1369782469899;5;0,005000;
SERVER;OBTER_DESCRICAO_POR_ISBN;1369782469894;1369782469904;10;0,010000;
SERVER;OBTER_EXEMPLAR_POR_ISBN;1369782469915;1369782469915;0;0,000000;
SERVER;OBTER_EXEMPLAR_POR_ISBN;1369782469915;1369782469921;6;0,006000;
SERVER;OBTER_DESCRICAO_POR_ISBN;1369782469915;1369782469927;12;0,012000;
SERVER;OBTER_EXEMPLAR_POR_ISBN;1369782469938;1369782469938;0;0,000000;
SERVER;OBTER_EXEMPLAR_POR_ISBN;1369782469938;1369782469943;5;0,005000;
SERVER;OBTER_DESCRICAO_POR_ISBN;1369782469938;1369782469949;11;0,011000;
SERVER;OBTER_EXEMPLAR_POR_ISBN;1369782469962;1369782469962;0;0,000000;
SERVER;OBTER_EXEMPLAR_POR_ISBN;1369782469962;1369782469968;6;0,006000;
SERVER;OBTER_DESCRICAO_POR_ISBN;1369782469962;1369782469973;11;0,011000;
SERVER;OBTER_EXEMPLAR_POR_ISBN;1369782469989;1369782469989;0;0,000000;
SERVER;OBTER_EXEMPLAR_POR_ISBN;1369782469989;1369782469995;6;0,006000;
SERVER;OBTER_DESCRICAO_POR_ISBN;1369782469989;1369782470000;11;0,011000;
SERVER;OBTER_EXEMPLAR_POR_ISBN;1369782470014;1369782470014;0;0,000000;
SERVER;OBTER_EXEMPLAR_POR_ISBN;1369782470014;1369782470019;5;0,005000;
SERVER;OBTER_DESCRICAO_POR_ISBN;1369782470014;1369782470025;11;0,011000;
SERVER;OBTER_EXEMPLAR_POR_ISBN;1369782470038;1369782470038;0;0,000000;
SERVER;OBTER_EXEMPLAR_POR_ISBN;1369782470038;1369782470043;5;0,005000;
SERVER;OBTER_DESCRICAO_POR_ISBN;1369782470038;1369782470048;10;0,010000;
SERVER;OBTER_EXEMPLAR_POR_ISBN;1369782470061;1369782470061;0;0,000000;
SERVER;OBTER_EXEMPLAR_POR_ISBN;1369782470061;1369782470067;6;0,006000;
SERVER;OBTER_DESCRICAO_POR_ISBN;1369782470061;1369782470071;10;0,010000;
SERVER;OBTER_EXEMPLAR_POR_ISBN;1369782470084;1369782470084;0;0,000000;
SERVER;OBTER_EXEMPLAR_POR_ISBN;1369782470084;1369782470091;7;0,007000;
SERVER;OBTER_DESCRICAO_POR_ISBN;1369782470084;1369782470099;15;0,015000;
SERVER;OBTER_EXEMPLAR_POR_ISBN;1369782470118;1369782470118;0;0,000000;
SERVER;OBTER_EXEMPLAR_POR_ISBN;1369782470118;1369782470126;8;0,008000;
SERVER;OBTER_DESCRICAO_POR_ISBN;1369782470118;1369782470134;16;0,016000;
SERVER;OBTER_EXEMPLAR_POR_ISBN;1369782470149;1369782470149;0;0,000000;
SERVER;OBTER_EXEMPLAR_POR_ISBN;1369782470149;1369782470156;7;0,007000;
SERVER;OBTER_DESCRICAO_POR_ISBN;1369782470149;1369782470163;14;0,014000;
SERVER;OBTER_EXEMPLAR_POR_ISBN;1369782470183;1369782470183;0;0,000000;
SERVER;OBTER_EXEMPLAR_POR_ISBN;1369782470183;1369782470190;7;0,007000;
SERVER;OBTER_DESCRICAO_POR_ISBN;1369782470183;1369782470199;16;0,016000;
SERVER;OBTER_EXEMPLAR_POR_ISBN;1369782470218;1369782470218;0;0,000000;
SERVER;OBTER_EXEMPLAR_POR_ISBN;1369782470218;1369782470228;10;0,010000;
SERVER;OBTER_DESCRICAO_POR_ISBN;1369782470218;1369782470238;20;0,020000;
SERVER;OBTER_EXEMPLAR_POR_ISBN;1369782470256;1369782470256;0;0,000000;
SERVER;OBTER_EXEMPLAR_POR_ISBN;1369782470256;1369782470265;9;0,009000;
SERVER;OBTER_DESCRICAO_POR_ISBN;1369782470256;1369782470275;19;0,019000;
SERVER;OBTER_EXEMPLAR_POR_ISBN;1369782470291;1369782470291;0;0,000000;
SERVER;OBTER_EXEMPLAR_POR_ISBN;1369782470291;1369782470302;11;0,011000;
SERVER;OBTER_DESCRICAO_POR_ISBN;1369782470291;1369782470313;22;0,022000;
SERVER;OBTER_EXEMPLAR_POR_ISBN;1369782470329;1369782470329;0;0,000000;
SERVER;OBTER_EXEMPLAR_POR_ISBN;1369782470329;1369782470342;13;0,013000;
SERVER;OBTER_DESCRICAO_POR_ISBN;1369782470329;1369782470353;24;0,024000;
SERVER;OBTER_EXEMPLAR_POR_ISBN;1369782470375;1369782470375;0;0,000000;
SERVER;OBTER_EXEMPLAR_POR_ISBN;1369782470375;1369782470387;12;0,012000;
SERVER;OBTER_DESCRICAO_POR_ISBN;1369782470375;1369782470399;24;0,024000;
SERVER;OBTER_EXEMPLAR_POR_ISBN;1369782470422;1369782470422;0;0,000000;
SERVER;OBTER_EXEMPLAR_POR_ISBN;1369782470422;1369782470430;8;0,008000;
SERVER;OBTER_DESCRICAO_POR_ISBN;1369782470422;1369782470440;18;0,018000;
SERVER;OBTER_EXEMPLAR_POR_ISBN;1369782470461;1369782470461;0;0,000000;
SERVER;OBTER_EXEMPLAR_POR_ISBN;1369782470461;1369782470473;12;0,012000;
SERVER;OBTER_DESCRICAO_POR_ISBN;1369782470461;1369782470482;21;0,021000;
SERVER;OBTER_EXEMPLAR_POR_ISBN;1369782470501;1369782470501;0;0,000000;
SERVER;OBTER_EXEMPLAR_POR_ISBN;1369782470501;1369782470509;8;0,008000;
SERVER;OBTER_DESCRICAO_POR_ISBN;1369782470501;1369782470519;18;0,018000;
SERVER;OBTER_EXEMPLAR_POR_ISBN;1369782470536;1369782470536;0;0,000000;
SERVER;OBTER_EXEMPLAR_POR_ISBN;1369782470536;1369782470546;10;0,010000;
SERVER;OBTER_DESCRICAO_POR_ISBN;1369782470536;1369782470556;20;0,020000;
SERVER;OBTER_EXEMPLAR_POR_ISBN;1369782470573;1369782470573;0;0,000000;
SERVER;OBTER_EXEMPLAR_POR_ISBN;1369782470573;1369782470582;9;0,009000;
SERVER;OBTER_DESCRICAO_POR_ISBN;1369782470573;1369782470591;18;0,018000;
SERVER;OBTER_EXEMPLAR_POR_ISBN;1369782470631;1369782470631;0;0,000000;
SERVER;OBTER_EXEMPLAR_POR_ISBN;1369782470631;1369782470639;8;0,008000;
SERVER;OBTER_DESCRICAO_POR_ISBN;1369782470631;1369782470648;17;0,017000;
SERVER;OBTER_EXEMPLAR_POR_ISBN;1369782470665;1369782470665;0;0,000000;
SERVER;OBTER_EXEMPLAR_POR_ISBN;1369782470665;1369782470674;9;0,009000;
SERVER;OBTER_DESCRICAO_POR_ISBN;1369782470665;1369782470686;21;0,021000;
SERVER;OBTER_EXEMPLAR_POR_ISBN;1369782471223;1369782471223;0;0,000000;
SERVER;OBTER_EXEMPLAR_POR_ISBN;1369782471223;1369782471233;10;0,010000;
SERVER;OBTER_DESCRICAO_POR_ISBN;1369782471223;1369782471245;22;0,022000;
SERVER;OBTER_EXEMPLAR_POR_ISBN;1369782471267;1369782471267;0;0,000000;
SERVER;OBTER_EXEMPLAR_POR_ISBN;1369782471267;1369782471278;11;0,011000;
SERVER;OBTER_DESCRICAO_POR_ISBN;1369782471267;1369782471289;22;0,022000;
SERVER;OBTER_EXEMPLAR_POR_ISBN;1369782471309;1369782471309;0;0,000000;
SERVER;OBTER_EXEMPLAR_POR_ISBN;1369782471309;1369782471319;10;0,010000;
SERVER;OBTER_DESCRICAO_POR_ISBN;1369782471309;1369782471330;21;0,021000;
SERVER;OBTER_EXEMPLAR_POR_ISBN;1369782471349;1369782471349;0;0,000000;
SERVER;OBTER_EXEMPLAR_POR_ISBN;1369782471349;1369782471362;13;0,013000;
SERVER;OBTER_DESCRICAO_POR_ISBN;1369782471349;1369782471373;24;0,024000;
SERVER;OBTER_EXEMPLAR_POR_ISBN;1369782471426;1369782471426;0;0,000000;
SERVER;OBTER_EXEMPLAR_POR_ISBN;1369782471426;1369782471438;12;0,012000;
SERVER;OBTER_DESCRICAO_POR_ISBN;1369782471426;1369782471452;26;0,026000;
SERVER;OBTER_EXEMPLAR_POR_ISBN;1369782471470;1369782471470;0;0,000000;
SERVER;OBTER_EXEMPLAR_POR_ISBN;1369782471470;1369782471481;11;0,011000;
SERVER;OBTER_EXEMPLAR_POR_ISBN;1369782471509;1369782471509;0;0,000000;
SERVER;OBTER_EXEMPLAR_POR_ISBN;1369782471509;1369782471520;11;0,011000;
SERVER;OBTER_EXEMPLAR_POR_ISBN;1369782471546;1369782471546;0;0,000000;
SERVER;OBTER_EXEMPLAR_POR_ISBN;1369782471546;1369782471559;13;0,013000;
SERVER;OBTER_EXEMPLAR_POR_ISBN;1369782471575;1369782471575;0;0,000000;
SERVER;OBTER_EXEMPLAR_POR_ISBN;1369782471575;1369782471588;13;0,013000;
SERVER;OBTER_EXEMPLAR_POR_ISBN;1369782471610;1369782471610;0;0,000000;
SERVER;OBTER_EXEMPLAR_POR_ISBN;1369782471610;1369782471621;11;0,011000;
SERVER;OBTER_EXEMPLAR_POR_ISBN;1369782471639;1369782471639;0;0,000000;
SERVER;OBTER_EXEMPLAR_POR_ISBN;1369782471639;1369782471651;12;0,012000;
SERVER;OBTER_EXEMPLAR_POR_ISBN;1369782471671;1369782471671;0;0,000000;
SERVER;OBTER_EXEMPLAR_POR_ISBN;1369782471671;1369782471681;10;0,010000;
SERVER;OBTER_EXEMPLAR_POR_ISBN;1369782471702;1369782471702;0;0,000000;
SERVER;OBTER_EXEMPLAR_POR_ISBN;1369782471702;1369782471714;12;0,012000;
SERVER;OBTER_EXEMPLAR_POR_ISBN;1369782471735;1369782471735;0;0,000000;
SERVER;OBTER_EXEMPLAR_POR_ISBN;1369782471735;1369782471747;12;0,012000;
SERVER;OBTER_EXEMPLAR_POR_ISBN;1369782471768;1369782471768;0;0,000000;
SERVER;OBTER_EXEMPLAR_POR_ISBN;1369782471768;1369782471779;11;0,011000;
SERVER;OBTER_EXEMPLAR_POR_ISBN;1369782471807;1369782471807;0;0,000000;
SERVER;OBTER_EXEMPLAR_POR_ISBN;1369782471807;1369782471818;11;0,011000;
SERVER;OBTER_EXEMPLAR_POR_ISBN;1369782471845;1369782471845;0;0,000000;
SERVER;OBTER_EXEMPLAR_POR_ISBN;1369782471845;1369782471854;9;0,009000;
SERVER;OBTER_EXEMPLAR_POR_ISBN;1369782471876;1369782471876;0;0,000000;
SERVER;OBTER_EXEMPLAR_POR_ISBN;1369782471876;1369782471886;10;0,010000;
SERVER;OBTER_EXEMPLAR_POR_ISBN;1369782471902;1369782471902;0;0,000000;
SERVER;OBTER_EXEMPLAR_POR_ISBN;1369782471902;1369782471911;9;0,009000;
SERVER;OBTER_EXEMPLAR_POR_ISBN;1369782472387;1369782472387;0;0,000000;
SERVER;OBTER_EXEMPLAR_POR_ISBN;1369782472387;1369782472400;13;0,013000;
SERVER;OBTER_EXEMPLAR_POR_ISBN;1369782472446;1369782472446;0;0,000000;
SERVER;OBTER_EXEMPLAR_POR_ISBN;1369782472446;1369782472459;13;0,013000;
SERVER;OBTER_EXEMPLAR_POR_ISBN;1369782472486;1369782472486;0;0,000000;
SERVER;OBTER_EXEMPLAR_POR_ISBN;1369782472486;1369782472498;12;0,012000;
SERVER;OBTER_EXEMPLAR_POR_ISBN;1369782472518;1369782472518;0;0,000000;
SERVER;OBTER_EXEMPLAR_POR_ISBN;1369782472518;1369782472528;10;0,010000;
SERVER;OBTER_EXEMPLAR_POR_ISBN;1369782472555;1369782472555;0;0,000000;
SERVER;OBTER_EXEMPLAR_POR_ISBN;1369782472555;1369782472565;10;0,010000;
SERVER;OBTER_EXEMPLAR_POR_ISBN;1369782472583;1369782472583;0;0,000000;
SERVER;OBTER_EXEMPLAR_POR_ISBN;1369782472583;1369782472592;9;0,009000;
SERVER;OBTER_EXEMPLAR_POR_ISBN;1369782473063;1369782473063;0;0,000000;
SERVER;OBTER_EXEMPLAR_POR_ISBN;1369782473063;1369782473075;12;0,012000;
SERVER;OBTER_EXEMPLAR_POR_ISBN;1369782473101;1369782473101;0;0,000000;
SERVER;OBTER_EXEMPLAR_POR_ISBN;1369782473101;1369782473113;12;0,012000;
SERVER;OBTER_EXEMPLAR_POR_ISBN;1369782473131;1369782473131;0;0,000000;
SERVER;OBTER_EXEMPLAR_POR_ISBN;1369782473131;1369782473141;10;0,010000;
SERVER;OBTER_EXEMPLAR_POR_ISBN;1369782473164;1369782473164;0;0,000000;
SERVER;OBTER_EXEMPLAR_POR_ISBN;1369782473164;1369782473172;8;0,008000;
SERVER;OBTER_EXEMPLAR_POR_ISBN;1369782473191;1369782473191;0;0,000000;
SERVER;OBTER_EXEMPLAR_POR_ISBN;1369782473191;1369782473200;9;0,009000;
SERVER;OBTER_EXEMPLAR_POR_ISBN;1369782473268;1369782473268;0;0,000000;
SERVER;OBTER_EXEMPLAR_POR_ISBN;1369782473268;1369782473277;9;0,009000;
SERVER;OBTER_EXEMPLAR_POR_ISBN;1369782473295;1369782473295;0;0,000000;
SERVER;OBTER_EXEMPLAR_POR_ISBN;1369782473295;1369782473303;8;0,008000;
SERVER;OBTER_EXEMPLAR_POR_ISBN;1369782473321;1369782473321;0;0,000000;
SERVER;OBTER_EXEMPLAR_POR_ISBN;1369782473321;1369782473330;9;0,009000;
SERVER;OBTER_EXEMPLAR_POR_ISBN;1369782473351;1369782473351;0;0,000000;
SERVER;OBTER_EXEMPLAR_POR_ISBN;1369782473351;1369782473361;10;0,010000;
SERVER;OBTER_EXEMPLAR_POR_ISBN;1369782473377;1369782473377;0;0,000000;
SERVER;OBTER_EXEMPLAR_POR_ISBN;1369782473377;1369782473387;10;0,010000;
SERVER;OBTER_EXEMPLAR_POR_ISBN;1369782473409;1369782473409;0;0,000000;
SERVER;OBTER_EXEMPLAR_POR_ISBN;1369782473409;1369782473419;10;0,010000;
SERVER;OBTER_EXEMPLAR_POR_ISBN;1369782473436;1369782473436;0;0,000000;
SERVER;OBTER_EXEMPLAR_POR_ISBN;1369782473436;1369782473445;9;0,009000;
SERVER;OBTER_EXEMPLAR_POR_ISBN;1369782473462;1369782473462;0;0,000000;
SERVER;OBTER_EXEMPLAR_POR_ISBN;1369782473462;1369782473471;9;0,009000;
SERVER;OBTER_EXEMPLAR_POR_ISBN;1369782473493;1369782473493;0;0,000000;
SERVER;OBTER_EXEMPLAR_POR_ISBN;1369782473493;1369782473503;10;0,010000;
SERVER;OBTER_EXEMPLAR_POR_ISBN;1369782473526;1369782473526;0;0,000000;
SERVER;OBTER_EXEMPLAR_POR_ISBN;1369782473526;1369782473537;11;0,011000;
SERVER;OBTER_EXEMPLAR_POR_ISBN;1369782473563;1369782473563;0;0,000000;
SERVER;OBTER_EXEMPLAR_POR_ISBN;1369782473563;1369782473573;10;0,010000;
SERVER;OBTER_EXEMPLAR_POR_ISBN;1369782473594;1369782473594;0;0,000000;
SERVER;OBTER_EXEMPLAR_POR_ISBN;1369782473594;1369782473606;12;0,012000;
SERVER;OBTER_EXEMPLAR_POR_ISBN;1369782473624;1369782473624;0;0,000000;
SERVER;OBTER_EXEMPLAR_POR_ISBN;1369782473624;1369782473635;11;0,011000;
SERVER;OBTER_EXEMPLAR_POR_ISBN;1369782474073;1369782474073;0;0,000000;
SERVER;OBTER_EXEMPLAR_POR_ISBN;1369782474073;1369782474089;16;0,016000;
SERVER;OBTER_EXEMPLAR_POR_ISBN;1369782474170;1369782474170;0;0,000000;
SERVER;OBTER_EXEMPLAR_POR_ISBN;1369782474170;1369782474180;10;0,010000;
SERVER;OBTER_EXEMPLAR_POR_ISBN;1369782474222;1369782474222;0;0,000000;
SERVER;OBTER_EXEMPLAR_POR_ISBN;1369782474222;1369782474231;9;0,009000;
SERVER;OBTER_EXEMPLAR_POR_ISBN;1369782474250;1369782474250;0;0,000000;
SERVER;OBTER_EXEMPLAR_POR_ISBN;1369782474250;1369782474260;10;0,010000;
SERVER;OBTER_EXEMPLAR_POR_ISBN;1369782474279;1369782474279;0;0,000000;
SERVER;OBTER_EXEMPLAR_POR_ISBN;1369782474279;1369782474288;9;0,009000;
SERVER;OBTER_EXEMPLAR_POR_ISBN;1369782474789;1369782474789;0;0,000000;
SERVER;OBTER_EXEMPLAR_POR_ISBN;1369782474789;1369782474801;12;0,012000;
SERVER;OBTER_EXEMPLAR_POR_ISBN;1369782474823;1369782474823;0;0,000000;
SERVER;OBTER_EXEMPLAR_POR_ISBN;1369782474823;1369782474834;11;0,011000;
SERVER;OBTER_EXEMPLAR_POR_ISBN;1369782474851;1369782474851;0;0,000000;
SERVER;OBTER_EXEMPLAR_POR_ISBN;1369782474851;1369782474861;10;0,010000;
SERVER;OBTER_EXEMPLAR_POR_ISBN;1369782474880;1369782474880;0;0,000000;
SERVER;OBTER_EXEMPLAR_POR_ISBN;1369782474880;1369782474890;10;0,010000;
SERVER;OBTER_EXEMPLAR_POR_ISBN;1369782474912;1369782474912;0;0,000000;
SERVER;OBTER_EXEMPLAR_POR_ISBN;1369782474912;1369782474923;11;0,011000;
SERVER;OBTER_EXEMPLAR_POR_ISBN;1369782474944;1369782474944;0;0,000000;
SERVER;OBTER_EXEMPLAR_POR_ISBN;1369782474944;1369782474954;10;0,010000;
SERVER;OBTER_EXEMPLAR_POR_ISBN;1369782474970;1369782474970;0;0,000000;
SERVER;OBTER_EXEMPLAR_POR_ISBN;1369782474970;1369782474977;7;0,007000;
SERVER;OBTER_EXEMPLAR_POR_ISBN;1369782474992;1369782474992;0;0,000000;
SERVER;OBTER_EXEMPLAR_POR_ISBN;1369782475058;1369782475058;0;0,000000;
SERVER;OBTER_EXEMPLAR_POR_ISBN;1369782475148;1369782475148;0;0,000000;
SERVER;OBTER_EXEMPLAR_POR_ISBN;1369782475257;1369782475257;0;0,000000;
SERVER;OBTER_EXEMPLAR_POR_ISBN;1369782475317;1369782475317;0;0,000000;
SERVER;OBTER_EXEMPLAR_POR_ISBN;1369782475384;1369782475384;0;0,000000;
SERVER;OBTER_EXEMPLAR_POR_ISBN;1369782475438;1369782475438;0;0,000000;
SERVER;OBTER_EXEMPLAR_POR_ISBN;1369782475490;1369782475490;0;0,000000;
SERVER;OBTER_EXEMPLAR_POR_ISBN;1369782475547;1369782475547;0;0,000000;
SERVER;OBTER_EXEMPLAR_POR_ISBN;1369782475596;1369782475596;0;0,000000;
SERVER;OBTER_EXEMPLAR_POR_ISBN;1369782475642;1369782475642;0;0,000000;
SERVER;OBTER_EXEMPLAR_POR_ISBN;1369782475683;1369782475683;0;0,000000;
SERVER;OBTER_EXEMPLAR_POR_ISBN;1369782475752;1369782475752;0;0,000000;
SERVER;OBTER_EXEMPLAR_POR_ISBN;1369782475799;1369782475799;0;0,000000;
SERVER;OBTER_EXEMPLAR_POR_ISBN;1369782476289;1369782476289;0;0,000000;
SERVER;OBTER_EXEMPLAR_POR_ISBN;1369782476329;1369782476329;0;0,000000;
SERVER;OBTER_EXEMPLAR_POR_ISBN;1369782476412;1369782476412;0;0,000000;
SERVER;OBTER_EXEMPLAR_POR_ISBN;1369782476463;1369782476463;0;0,000000;
SERVER;OBTER_EXEMPLAR_POR_ISBN;1369782476514;1369782476514;0;0,000000;
SERVER;OBTER_EXEMPLAR_POR_ISBN;1369782476556;1369782476556;0;0,000000;
SERVER;OBTER_EXEMPLAR_POR_ISBN;1369782476592;1369782476592;0;0,000000;
SERVER;OBTER_EXEMPLAR_POR_ISBN;1369782476631;1369782476631;0;0,000000;
SERVER;OBTER_EXEMPLAR_POR_ISBN;1369782476669;1369782476669;0;0,000000;
SERVER;OBTER_EXEMPLAR_POR_ISBN;1369782476705;1369782476705;0;0,000000;
SERVER;OBTER_EXEMPLAR_POR_ISBN;1369782476771;1369782476771;0;0,000000;
SERVER;OBTER_EXEMPLAR_POR_ISBN;1369782476813;1369782476813;0;0,000000;
SERVER;OBTER_EXEMPLAR_POR_ISBN;1369782476857;1369782476857;0;0,000000;
SERVER;OBTER_EXEMPLAR_POR_ISBN;1369782476897;1369782476897;0;0,000000;
SERVER;OBTER_EXEMPLAR_POR_ISBN;1369782476937;1369782476937;0;0,000000;
SERVER;OBTER_EXEMPLAR_POR_ISBN;1369782476973;1369782476973;0;0,000000;
SERVER;OBTER_EXEMPLAR_POR_ISBN;1369782477007;1369782477007;0;0,000000;
SERVER;OBTER_EXEMPLAR_POR_ISBN;1369782477054;1369782477054;0;0,000000;
SERVER;OBTER_EXEMPLAR_POR_ISBN;1369782477111;1369782477111;0;0,000000;
SERVER;OBTER_EXEMPLAR_POR_ISBN;1369782477180;1369782477180;0;0,000000;
SERVER;OBTER_EXEMPLAR_POR_ISBN;1369782477707;1369782477707;0;0,000000;
SERVER;OBTER_EXEMPLAR_POR_ISBN;1369782477761;1369782477761;0;0,000000;
SERVER;OBTER_EXEMPLAR_POR_ISBN;1369782477813;1369782477813;0;0,000000;
SERVER;OBTER_EXEMPLAR_POR_ISBN;1369782477873;1369782477873;0;0,000000;
SERVER;OBTER_EXEMPLAR_POR_ISBN;1369782477922;1369782477922;0;0,000000;
SERVER;OBTER_EXEMPLAR_POR_ISBN;1369782477975;1369782477975;0;0,000000;
SERVER;OBTER_EXEMPLAR_POR_ISBN;1369782478024;1369782478024;0;0,000000;
SERVER;OBTER_EXEMPLAR_POR_ISBN;1369782478079;1369782478079;0;0,000000;
SERVER;OBTER_EXEMPLAR_POR_ISBN;1369782478129;1369782478129;0;0,000000;
SERVER;OBTER_EXEMPLAR_POR_ISBN;1369782478194;1369782478194;0;0,000000;
SERVER;OBTER_EXEMPLAR_POR_ISBN;1369782478250;1369782478250;0;0,000000;
SERVER;OBTER_EXEMPLAR_POR_ISBN;1369782478296;1369782478296;0;0,000000;
SERVER;OBTER_EXEMPLAR_POR_ISBN;1369782478341;1369782478341;0;0,000000;
SERVER;OBTER_EXEMPLAR_POR_ISBN;1369782478386;1369782478386;0;0,000000;
SERVER;OBTER_EXEMPLAR_POR_ISBN;1369782478432;1369782478432;0;0,000000;
SERVER;OBTER_EXEMPLAR_POR_ISBN;1369782478500;1369782478500;0;0,000000;
SERVER;OBTER_EXEMPLAR_POR_ISBN;1369782478541;1369782478541;0;0,000000;
SERVER;OBTER_EXEMPLAR_POR_ISBN;1369782478541;1369782478551;10;0,010000;
SERVER;ALTERAR_ESTOQUE_POR_ISBN;1369782478541;1369782478561;20;0,020000;
SERVER;OBTER_EXEMPLAR_POR_ISBN;1369782478576;1369782478576;0;0,000000;
SERVER;OBTER_EXEMPLAR_POR_ISBN;1369782478576;1369782478586;10;0,010000;
SERVER;ALTERAR_ESTOQUE_POR_ISBN;1369782478576;1369782478593;17;0,017000;
SERVER;OBTER_EXEMPLAR_POR_ISBN;1369782479129;1369782479129;0;0,000000;
SERVER;OBTER_EXEMPLAR_POR_ISBN;1369782479129;1369782479139;10;0,010000;
SERVER;ALTERAR_ESTOQUE_POR_ISBN;1369782479129;1369782479150;21;0,021000;
SERVER;OBTER_EXEMPLAR_POR_ISBN;1369782479171;1369782479171;0;0,000000;
SERVER;OBTER_EXEMPLAR_POR_ISBN;1369782479171;1369782479179;8;0,008000;
SERVER;ALTERAR_ESTOQUE_POR_ISBN;1369782479171;1369782479188;17;0,017000;
SERVER;OBTER_EXEMPLAR_POR_ISBN;1369782479205;1369782479205;0;0,000000;
SERVER;OBTER_EXEMPLAR_POR_ISBN;1369782479205;1369782479215;10;0,010000;
SERVER;ALTERAR_ESTOQUE_POR_ISBN;1369782479205;1369782479225;20;0,020000;
SERVER;OBTER_EXEMPLAR_POR_ISBN;1369782479244;1369782479244;0;0,000000;
SERVER;OBTER_EXEMPLAR_POR_ISBN;1369782479244;1369782479254;10;0,010000;
SERVER;ALTERAR_ESTOQUE_POR_ISBN;1369782479244;1369782479268;24;0,024000;
SERVER;OBTER_EXEMPLAR_POR_ISBN;1369782479290;1369782479290;0;0,000000;
SERVER;OBTER_EXEMPLAR_POR_ISBN;1369782479290;1369782479305;15;0,015000;
SERVER;ALTERAR_ESTOQUE_POR_ISBN;1369782479290;1369782479317;27;0,027000;
SERVER;OBTER_EXEMPLAR_POR_ISBN;1369782479336;1369782479336;0;0,000000;
SERVER;OBTER_EXEMPLAR_POR_ISBN;1369782479336;1369782479350;14;0,014000;
SERVER;ALTERAR_ESTOQUE_POR_ISBN;1369782479336;1369782479364;28;0,028000;
SERVER;OBTER_EXEMPLAR_POR_ISBN;1369782479393;1369782479393;0;0,000000;
SERVER;OBTER_EXEMPLAR_POR_ISBN;1369782479393;1369782479407;14;0,014000;
SERVER;ALTERAR_ESTOQUE_POR_ISBN;1369782479393;1369782479421;28;0,028000;
SERVER;OBTER_EXEMPLAR_POR_ISBN;1369782479439;1369782479439;0;0,000000;
SERVER;OBTER_EXEMPLAR_POR_ISBN;1369782479439;1369782479448;9;0,009000;
SERVER;ALTERAR_ESTOQUE_POR_ISBN;1369782479439;1369782479457;18;0,018000;
SERVER;OBTER_EXEMPLAR_POR_ISBN;1369782479474;1369782479474;0;0,000000;
SERVER;OBTER_EXEMPLAR_POR_ISBN;1369782479474;1369782479482;8;0,008000;
SERVER;ALTERAR_ESTOQUE_POR_ISBN;1369782479474;1369782479492;18;0,018000;
SERVER;OBTER_EXEMPLAR_POR_ISBN;1369782479512;1369782479512;0;0,000000;
SERVER;OBTER_EXEMPLAR_POR_ISBN;1369782479512;1369782479522;10;0,010000;
SERVER;ALTERAR_ESTOQUE_POR_ISBN;1369782479512;1369782479532;20;0,020000;
SERVER;OBTER_EXEMPLAR_POR_ISBN;1369782479547;1369782479547;0;0,000000;
SERVER;OBTER_EXEMPLAR_POR_ISBN;1369782479547;1369782479555;8;0,008000;
SERVER;ALTERAR_ESTOQUE_POR_ISBN;1369782479547;1369782479564;17;0,017000;
SERVER;OBTER_EXEMPLAR_POR_ISBN;1369782479580;1369782479580;0;0,000000;
SERVER;OBTER_EXEMPLAR_POR_ISBN;1369782479580;1369782479590;10;0,010000;
SERVER;ALTERAR_ESTOQUE_POR_ISBN;1369782479580;1369782479599;19;0,019000;
SERVER;OBTER_EXEMPLAR_POR_ISBN;1369782479616;1369782479616;0;0,000000;
SERVER;OBTER_EXEMPLAR_POR_ISBN;1369782479616;1369782479626;10;0,010000;
SERVER;ALTERAR_ESTOQUE_POR_ISBN;1369782479616;1369782479636;20;0,020000;
SERVER;OBTER_EXEMPLAR_POR_ISBN;1369782479653;1369782479653;0;0,000000;
SERVER;OBTER_EXEMPLAR_POR_ISBN;1369782479653;1369782479664;11;0,011000;
SERVER;ALTERAR_ESTOQUE_POR_ISBN;1369782479653;1369782479674;21;0,021000;
SERVER;OBTER_EXEMPLAR_POR_ISBN;1369782479701;1369782479701;0;0,000000;
SERVER;OBTER_EXEMPLAR_POR_ISBN;1369782479701;1369782479712;11;0,011000;
SERVER;ALTERAR_ESTOQUE_POR_ISBN;1369782479701;1369782479722;21;0,021000;
SERVER;OBTER_EXEMPLAR_POR_ISBN;1369782479746;1369782479746;0;0,000000;
SERVER;OBTER_EXEMPLAR_POR_ISBN;1369782479746;1369782479757;11;0,011000;
SERVER;ALTERAR_ESTOQUE_POR_ISBN;1369782479746;1369782479767;21;0,021000;
SERVER;OBTER_EXEMPLAR_POR_ISBN;1369782479794;1369782479794;0;0,000000;
SERVER;OBTER_EXEMPLAR_POR_ISBN;1369782479794;1369782479805;11;0,011000;
SERVER;ALTERAR_ESTOQUE_POR_ISBN;1369782479794;1369782479815;21;0,021000;
SERVER;OBTER_EXEMPLAR_POR_ISBN;1369782479841;1369782479841;0;0,000000;
SERVER;OBTER_EXEMPLAR_POR_ISBN;1369782479841;1369782479856;15;0,015000;
SERVER;ALTERAR_ESTOQUE_POR_ISBN;1369782479841;1369782479865;24;0,024000;
SERVER;OBTER_EXEMPLAR_POR_ISBN;1369782479880;1369782479880;0;0,000000;
SERVER;OBTER_EXEMPLAR_POR_ISBN;1369782479880;1369782479887;7;0,007000;
SERVER;ALTERAR_ESTOQUE_POR_ISBN;1369782479880;1369782479894;14;0,014000;
SERVER;OBTER_EXEMPLAR_POR_ISBN;1369782479910;1369782479910;0;0,000000;
SERVER;OBTER_EXEMPLAR_POR_ISBN;1369782479910;1369782479917;7;0,007000;
SERVER;ALTERAR_ESTOQUE_POR_ISBN;1369782479910;1369782479928;18;0,018000;
SERVER;OBTER_EXEMPLAR_POR_ISBN;1369782479949;1369782479949;0;0,000000;
SERVER;OBTER_EXEMPLAR_POR_ISBN;1369782479949;1369782479960;11;0,011000;
SERVER;ALTERAR_ESTOQUE_POR_ISBN;1369782479949;1369782479972;23;0,023000;
SERVER;OBTER_EXEMPLAR_POR_ISBN;1369782479994;1369782479994;0;0,000000;
SERVER;OBTER_EXEMPLAR_POR_ISBN;1369782479994;1369782480006;12;0,012000;
SERVER;ALTERAR_ESTOQUE_POR_ISBN;1369782479994;1369782480017;23;0,023000;
SERVER;OBTER_EXEMPLAR_POR_ISBN;1369782480036;1369782480036;0;0,000000;
SERVER;OBTER_EXEMPLAR_POR_ISBN;1369782480036;1369782480048;12;0,012000;
SERVER;ALTERAR_ESTOQUE_POR_ISBN;1369782480036;1369782480060;24;0,024000;
SERVER;OBTER_EXEMPLAR_POR_ISBN;1369782480078;1369782480078;0;0,000000;
SERVER;OBTER_EXEMPLAR_POR_ISBN;1369782480078;1369782480089;11;0,011000;
SERVER;ALTERAR_ESTOQUE_POR_ISBN;1369782480078;1369782480102;24;0,024000;
SERVER;OBTER_EXEMPLAR_POR_ISBN;1369782480121;1369782480121;0;0,000000;
SERVER;OBTER_EXEMPLAR_POR_ISBN;1369782480121;1369782480133;12;0,012000;
SERVER;ALTERAR_ESTOQUE_POR_ISBN;1369782480121;1369782480144;23;0,023000;
SERVER;OBTER_EXEMPLAR_POR_ISBN;1369782480164;1369782480164;0;0,000000;
SERVER;OBTER_EXEMPLAR_POR_ISBN;1369782480164;1369782480176;12;0,012000;
SERVER;ALTERAR_ESTOQUE_POR_ISBN;1369782480164;1369782480188;24;0,024000;
SERVER;OBTER_EXEMPLAR_POR_ISBN;1369782480211;1369782480211;0;0,000000;
SERVER;OBTER_EXEMPLAR_POR_ISBN;1369782480211;1369782480223;12;0,012000;
SERVER;ALTERAR_ESTOQUE_POR_ISBN;1369782480211;1369782480236;25;0,025000;
SERVER;OBTER_EXEMPLAR_POR_ISBN;1369782480257;1369782480257;0;0,000000;
SERVER;OBTER_EXEMPLAR_POR_ISBN;1369782480257;1369782480268;11;0,011000;
SERVER;ALTERAR_ESTOQUE_POR_ISBN;1369782480257;1369782480280;23;0,023000;
SERVER;OBTER_EXEMPLAR_POR_ISBN;1369782480300;1369782480300;0;0,000000;
SERVER;OBTER_EXEMPLAR_POR_ISBN;1369782480300;1369782480312;12;0,012000;
SERVER;ALTERAR_ESTOQUE_POR_ISBN;1369782480300;1369782480324;24;0,024000;
SERVER;OBTER_EXEMPLAR_POR_ISBN;1369782480353;1369782480353;0;0,000000;
SERVER;OBTER_EXEMPLAR_POR_ISBN;1369782480353;1369782480366;13;0,013000;
SERVER;ALTERAR_ESTOQUE_POR_ISBN;1369782480353;1369782480378;25;0,025000;
SERVER;OBTER_EXEMPLAR_POR_ISBN;1369782480400;1369782480400;0;0,000000;
SERVER;OBTER_EXEMPLAR_POR_ISBN;1369782480400;1369782480411;11;0,011000;
SERVER;ALTERAR_ESTOQUE_POR_ISBN;1369782480400;1369782480424;24;0,024000;
SERVER;OBTER_EXEMPLAR_POR_ISBN;1369782480834;1369782480834;0;0,000000;
SERVER;OBTER_EXEMPLAR_POR_ISBN;1369782480834;1369782480847;13;0,013000;
SERVER;ALTERAR_ESTOQUE_POR_ISBN;1369782480834;1369782480861;27;0,027000;
SERVER;OBTER_EXEMPLAR_POR_ISBN;1369782480891;1369782480891;0;0,000000;
SERVER;OBTER_EXEMPLAR_POR_ISBN;1369782480891;1369782480906;15;0,015000;
SERVER;ALTERAR_ESTOQUE_POR_ISBN;1369782480891;1369782480919;28;0,028000;
SERVER;OBTER_EXEMPLAR_POR_ISBN;1369782480941;1369782480941;0;0,000000;
SERVER;OBTER_EXEMPLAR_POR_ISBN;1369782480941;1369782480957;16;0,016000;
SERVER;ALTERAR_ESTOQUE_POR_ISBN;1369782480941;1369782480971;30;0,030000;
SERVER;OBTER_EXEMPLAR_POR_ISBN;1369782481463;1369782481463;0;0,000000;
SERVER;OBTER_EXEMPLAR_POR_ISBN;1369782481463;1369782481480;17;0,017000;
SERVER;ALTERAR_ESTOQUE_POR_ISBN;1369782481463;1369782481496;33;0,033000;
SERVER;OBTER_EXEMPLAR_POR_ISBN;1369782481525;1369782481525;0;0,000000;
SERVER;OBTER_EXEMPLAR_POR_ISBN;1369782481525;1369782481537;12;0,012000;
SERVER;ALTERAR_ESTOQUE_POR_ISBN;1369782481525;1369782481551;26;0,026000;
SERVER;OBTER_EXEMPLAR_POR_ISBN;1369782481581;1369782481581;0;0,000000;
SERVER;OBTER_EXEMPLAR_POR_ISBN;1369782481581;1369782481593;12;0,012000;
SERVER;ALTERAR_ESTOQUE_POR_ISBN;1369782481581;1369782481605;24;0,024000;
SERVER;OBTER_EXEMPLAR_POR_ISBN;1369782481623;1369782481623;0;0,000000;
SERVER;OBTER_EXEMPLAR_POR_ISBN;1369782481623;1369782481635;12;0,012000;
SERVER;ALTERAR_ESTOQUE_POR_ISBN;1369782481623;1369782481650;27;0,027000;
SERVER;OBTER_EXEMPLAR_POR_ISBN;1369782481710;1369782481710;0;0,000000;
SERVER;OBTER_EXEMPLAR_POR_ISBN;1369782481710;1369782481724;14;0,014000;
SERVER;ALTERAR_ESTOQUE_POR_ISBN;1369782481710;1369782481739;29;0,029000;
SERVER;OBTER_EXEMPLAR_POR_ISBN;1369782481769;1369782481769;0;0,000000;
SERVER;OBTER_EXEMPLAR_POR_ISBN;1369782481769;1369782481784;15;0,015000;
SERVER;ALTERAR_ESTOQUE_POR_ISBN;1369782481769;1369782481798;29;0,029000;
SERVER;OBTER_EXEMPLAR_POR_ISBN;1369782481819;1369782481819;0;0,000000;
SERVER;OBTER_EXEMPLAR_POR_ISBN;1369782481819;1369782481835;16;0,016000;
SERVER;ALTERAR_ESTOQUE_POR_ISBN;1369782481819;1369782481848;29;0,029000;
SERVER;OBTER_EXEMPLAR_POR_ISBN;1369782481874;1369782481874;0;0,000000;
SERVER;OBTER_EXEMPLAR_POR_ISBN;1369782481874;1369782481882;8;0,008000;
SERVER;ALTERAR_ESTOQUE_POR_ISBN;1369782481874;1369782481890;16;0,016000;
SERVER;OBTER_EXEMPLAR_POR_ISBN;1369782481905;1369782481905;0;0,000000;
SERVER;OBTER_EXEMPLAR_POR_ISBN;1369782481905;1369782481913;8;0,008000;
SERVER;ALTERAR_ESTOQUE_POR_ISBN;1369782481905;1369782481922;17;0,017000;
SERVER;OBTER_EXEMPLAR_POR_ISBN;1369782481942;1369782481942;0;0,000000;
SERVER;OBTER_EXEMPLAR_POR_ISBN;1369782481942;1369782481951;9;0,009000;
SERVER;ALTERAR_ESTOQUE_POR_ISBN;1369782481942;1369782481978;36;0,036000;
SERVER;OBTER_EXEMPLAR_POR_ISBN;1369782482009;1369782482009;0;0,000000;
SERVER;OBTER_EXEMPLAR_POR_ISBN;1369782482009;1369782482034;25;0,025000;
SERVER;ALTERAR_ESTOQUE_POR_ISBN;1369782482009;1369782482063;54;0,054000;
SERVER;OBTER_EXEMPLAR_POR_ISBN;1369782482100;1369782482100;0;0,000000;
SERVER;OBTER_EXEMPLAR_POR_ISBN;1369782482100;1369782482108;8;0,008000;
SERVER;ALTERAR_ESTOQUE_POR_ISBN;1369782482100;1369782482118;18;0,018000;
SERVER;OBTER_EXEMPLAR_POR_ISBN;1369782482135;1369782482135;0;0,000000;
SERVER;OBTER_EXEMPLAR_POR_ISBN;1369782482135;1369782482146;11;0,011000;
SERVER;ALTERAR_ESTOQUE_POR_ISBN;1369782482135;1369782482154;19;0,019000;
SERVER;OBTER_EXEMPLAR_POR_ISBN;1369782482619;1369782482619;0;0,000000;
SERVER;OBTER_EXEMPLAR_POR_ISBN;1369782482619;1369782482628;9;0,009000;
SERVER;ALTERAR_ESTOQUE_POR_ISBN;1369782482619;1369782482638;19;0,019000;
SERVER;OBTER_EXEMPLAR_POR_ISBN;1369782482659;1369782482659;0;0,000000;
SERVER;OBTER_EXEMPLAR_POR_ISBN;1369782482659;1369782482668;9;0,009000;
SERVER;OBTER_QUANTIDADE_POR_ISBN;1369782482659;1369782482677;18;0,018000;
SERVER;OBTER_EXEMPLAR_POR_ISBN;1369782482695;1369782482695;0;0,000000;
SERVER;OBTER_EXEMPLAR_POR_ISBN;1369782482695;1369782482704;9;0,009000;
SERVER;OBTER_QUANTIDADE_POR_ISBN;1369782482695;1369782482714;19;0,019000;
SERVER;OBTER_EXEMPLAR_POR_ISBN;1369782482734;1369782482734;0;0,000000;
SERVER;OBTER_EXEMPLAR_POR_ISBN;1369782482734;1369782482744;10;0,010000;
SERVER;OBTER_QUANTIDADE_POR_ISBN;1369782482734;1369782482755;21;0,021000;
SERVER;OBTER_EXEMPLAR_POR_ISBN;1369782482781;1369782482781;0;0,000000;
SERVER;OBTER_EXEMPLAR_POR_ISBN;1369782482781;1369782482792;11;0,011000;
SERVER;OBTER_QUANTIDADE_POR_ISBN;1369782482781;1369782482803;22;0,022000;
SERVER;OBTER_EXEMPLAR_POR_ISBN;1369782482824;1369782482824;0;0,000000;
SERVER;OBTER_EXEMPLAR_POR_ISBN;1369782482824;1369782482835;11;0,011000;
SERVER;OBTER_QUANTIDADE_POR_ISBN;1369782482824;1369782482844;20;0,020000;
SERVER;OBTER_EXEMPLAR_POR_ISBN;1369782482864;1369782482864;0;0,000000;
SERVER;OBTER_EXEMPLAR_POR_ISBN;1369782482864;1369782482876;12;0,012000;
SERVER;OBTER_QUANTIDADE_POR_ISBN;1369782482864;1369782482887;23;0,023000;
SERVER;OBTER_EXEMPLAR_POR_ISBN;1369782482912;1369782482912;0;0,000000;
SERVER;OBTER_EXEMPLAR_POR_ISBN;1369782482912;1369782482924;12;0,012000;
SERVER;OBTER_QUANTIDADE_POR_ISBN;1369782482912;1369782482934;22;0,022000;
SERVER;OBTER_EXEMPLAR_POR_ISBN;1369782482956;1369782482956;0;0,000000;
SERVER;OBTER_EXEMPLAR_POR_ISBN;1369782482956;1369782482967;11;0,011000;
SERVER;OBTER_QUANTIDADE_POR_ISBN;1369782482956;1369782482978;22;0,022000;
SERVER;OBTER_EXEMPLAR_POR_ISBN;1369782482999;1369782482999;0;0,000000;
SERVER;OBTER_EXEMPLAR_POR_ISBN;1369782482999;1369782483012;13;0,013000;
SERVER;OBTER_QUANTIDADE_POR_ISBN;1369782482999;1369782483024;25;0,025000;
SERVER;OBTER_EXEMPLAR_POR_ISBN;1369782483047;1369782483047;0;0,000000;
SERVER;OBTER_EXEMPLAR_POR_ISBN;1369782483047;1369782483061;14;0,014000;
SERVER;OBTER_QUANTIDADE_POR_ISBN;1369782483047;1369782483072;25;0,025000;
SERVER;OBTER_EXEMPLAR_POR_ISBN;1369782483102;1369782483102;0;0,000000;
SERVER;OBTER_EXEMPLAR_POR_ISBN;1369782483102;1369782483121;19;0,019000;
SERVER;OBTER_QUANTIDADE_POR_ISBN;1369782483102;1369782483137;35;0,035000;
SERVER;OBTER_EXEMPLAR_POR_ISBN;1369782483162;1369782483162;0;0,000000;
SERVER;OBTER_EXEMPLAR_POR_ISBN;1369782483162;1369782483180;18;0,018000;
SERVER;OBTER_QUANTIDADE_POR_ISBN;1369782483162;1369782483195;33;0,033000;
SERVER;OBTER_EXEMPLAR_POR_ISBN;1369782483265;1369782483265;0;0,000000;
SERVER;OBTER_EXEMPLAR_POR_ISBN;1369782483265;1369782483275;10;0,010000;
SERVER;OBTER_QUANTIDADE_POR_ISBN;1369782483265;1369782483286;21;0,021000;
SERVER;OBTER_EXEMPLAR_POR_ISBN;1369782483302;1369782483302;0;0,000000;
SERVER;OBTER_EXEMPLAR_POR_ISBN;1369782483302;1369782483312;10;0,010000;
SERVER;OBTER_QUANTIDADE_POR_ISBN;1369782483302;1369782483322;20;0,020000;
SERVER;OBTER_EXEMPLAR_POR_ISBN;1369782483340;1369782483340;0;0,000000;
SERVER;OBTER_EXEMPLAR_POR_ISBN;1369782483340;1369782483349;9;0,009000;
SERVER;OBTER_QUANTIDADE_POR_ISBN;1369782483340;1369782483360;20;0,020000;
SERVER;OBTER_EXEMPLAR_POR_ISBN;1369782483386;1369782483386;0;0,000000;
SERVER;OBTER_EXEMPLAR_POR_ISBN;1369782483386;1369782483397;11;0,011000;
SERVER;OBTER_QUANTIDADE_POR_ISBN;1369782483386;1369782483407;21;0,021000;
SERVER;OBTER_EXEMPLAR_POR_ISBN;1369782483430;1369782483430;0;0,000000;
SERVER;OBTER_EXEMPLAR_POR_ISBN;1369782483430;1369782483441;11;0,011000;
SERVER;OBTER_QUANTIDADE_POR_ISBN;1369782483430;1369782483452;22;0,022000;
SERVER;OBTER_EXEMPLAR_POR_ISBN;1369782483469;1369782483469;0;0,000000;
SERVER;OBTER_EXEMPLAR_POR_ISBN;1369782483469;1369782483478;9;0,009000;
SERVER;OBTER_QUANTIDADE_POR_ISBN;1369782483469;1369782483488;19;0,019000;
SERVER;OBTER_EXEMPLAR_POR_ISBN;1369782483505;1369782483505;0;0,000000;
SERVER;OBTER_EXEMPLAR_POR_ISBN;1369782483505;1369782483515;10;0,010000;
SERVER;OBTER_QUANTIDADE_POR_ISBN;1369782483505;1369782483524;19;0,019000;
SERVER;OBTER_EXEMPLAR_POR_ISBN;1369782483542;1369782483542;0;0,000000;
SERVER;OBTER_EXEMPLAR_POR_ISBN;1369782483542;1369782483552;10;0,010000;
SERVER;OBTER_QUANTIDADE_POR_ISBN;1369782483542;1369782483563;21;0,021000;
SERVER;OBTER_EXEMPLAR_POR_ISBN;1369782483580;1369782483580;0;0,000000;
SERVER;OBTER_EXEMPLAR_POR_ISBN;1369782483580;1369782483591;11;0,011000;
SERVER;OBTER_QUANTIDADE_POR_ISBN;1369782483580;1369782483600;20;0,020000;
SERVER;OBTER_EXEMPLAR_POR_ISBN;1369782483617;1369782483617;0;0,000000;
SERVER;OBTER_EXEMPLAR_POR_ISBN;1369782483617;1369782483626;9;0,009000;
SERVER;OBTER_QUANTIDADE_POR_ISBN;1369782483617;1369782483636;19;0,019000;
SERVER;OBTER_EXEMPLAR_POR_ISBN;1369782483651;1369782483651;0;0,000000;
SERVER;OBTER_EXEMPLAR_POR_ISBN;1369782483651;1369782483660;9;0,009000;
SERVER;OBTER_QUANTIDADE_POR_ISBN;1369782483651;1369782483671;20;0,020000;
SERVER;OBTER_EXEMPLAR_POR_ISBN;1369782483693;1369782483693;0;0,000000;
SERVER;OBTER_EXEMPLAR_POR_ISBN;1369782483693;1369782483701;8;0,008000;
SERVER;OBTER_QUANTIDADE_POR_ISBN;1369782483693;1369782483711;18;0,018000;
SERVER;OBTER_EXEMPLAR_POR_ISBN;1369782484179;1369782484179;0;0,000000;
SERVER;OBTER_EXEMPLAR_POR_ISBN;1369782484179;1369782484191;12;0,012000;
SERVER;OBTER_QUANTIDADE_POR_ISBN;1369782484179;1369782484205;26;0,026000;
SERVER;OBTER_EXEMPLAR_POR_ISBN;1369782484234;1369782484234;0;0,000000;
SERVER;OBTER_EXEMPLAR_POR_ISBN;1369782484234;1369782484244;10;0,010000;
SERVER;OBTER_QUANTIDADE_POR_ISBN;1369782484234;1369782484254;20;0,020000;
SERVER;OBTER_EXEMPLAR_POR_ISBN;1369782484826;1369782484826;0;0,000000;
SERVER;OBTER_EXEMPLAR_POR_ISBN;1369782484826;1369782484837;11;0,011000;
SERVER;OBTER_QUANTIDADE_POR_ISBN;1369782484826;1369782484848;22;0,022000;
SERVER;OBTER_EXEMPLAR_POR_ISBN;1369782485494;1369782485494;0;0,000000;
SERVER;OBTER_EXEMPLAR_POR_ISBN;1369782485494;1369782485506;12;0,012000;
SERVER;OBTER_QUANTIDADE_POR_ISBN;1369782485494;1369782485518;24;0,024000;
SERVER;OBTER_EXEMPLAR_POR_ISBN;1369782485542;1369782485542;0;0,000000;
SERVER;OBTER_EXEMPLAR_POR_ISBN;1369782485542;1369782485552;10;0,010000;
SERVER;OBTER_QUANTIDADE_POR_ISBN;1369782485542;1369782485562;20;0,020000;
SERVER;OBTER_EXEMPLAR_POR_ISBN;1369782486032;1369782486032;0;0,000000;
SERVER;OBTER_EXEMPLAR_POR_ISBN;1369782486032;1369782486041;9;0,009000;
SERVER;OBTER_QUANTIDADE_POR_ISBN;1369782486032;1369782486052;20;0,020000;
SERVER;OBTER_EXEMPLAR_POR_ISBN;1369782486076;1369782486076;0;0,000000;
SERVER;OBTER_EXEMPLAR_POR_ISBN;1369782486076;1369782486085;9;0,009000;
SERVER;OBTER_QUANTIDADE_POR_ISBN;1369782486076;1369782486096;20;0,020000;
SERVER;OBTER_EXEMPLAR_POR_ISBN;1369782486119;1369782486119;0;0,000000;
SERVER;OBTER_EXEMPLAR_POR_ISBN;1369782486119;1369782486132;13;0,013000;
SERVER;OBTER_QUANTIDADE_POR_ISBN;1369782486119;1369782486143;24;0,024000;
SERVER;OBTER_EXEMPLAR_POR_ISBN;1369782486163;1369782486163;0;0,000000;
SERVER;OBTER_EXEMPLAR_POR_ISBN;1369782486163;1369782486175;12;0,012000;
SERVER;OBTER_QUANTIDADE_POR_ISBN;1369782486163;1369782486185;22;0,022000;
SERVER;OBTER_EXEMPLAR_POR_ISBN;1369782486205;1369782486205;0;0,000000;
SERVER;OBTER_EXEMPLAR_POR_ISBN;1369782486205;1369782486217;12;0,012000;
SERVER;OBTER_QUANTIDADE_POR_ISBN;1369782486205;1369782486230;25;0,025000;
SERVER;OBTER_EXEMPLAR_POR_ISBN;1369782486254;1369782486254;0;0,000000;
SERVER;OBTER_EXEMPLAR_POR_ISBN;1369782486254;1369782486265;11;0,011000;
SERVER;OBTER_QUANTIDADE_POR_ISBN;1369782486254;1369782486277;23;0,023000;
SERVER;OBTER_EXEMPLAR_POR_ISBN;1369782486298;1369782486298;0;0,000000;
SERVER;OBTER_EXEMPLAR_POR_ISBN;1369782486298;1369782486309;11;0,011000;
SERVER;OBTER_QUANTIDADE_POR_ISBN;1369782486298;1369782486320;22;0,022000;
SERVER;OBTER_EXEMPLAR_POR_ISBN;1369782486339;1369782486339;0;0,000000;
SERVER;OBTER_EXEMPLAR_POR_ISBN;1369782486339;1369782486348;9;0,009000;
SERVER;OBTER_QUANTIDADE_POR_ISBN;1369782486339;1369782486361;22;0,022000;
SERVER;OBTER_EXEMPLAR_POR_ISBN;1369782486378;1369782486378;0;0,000000;
SERVER;OBTER_EXEMPLAR_POR_ISBN;1369782486378;1369782486387;9;0,009000;
SERVER;OBTER_QUANTIDADE_POR_ISBN;1369782486378;1369782486399;21;0,021000;
SERVER;OBTER_EXEMPLAR_POR_ISBN;1369782486421;1369782486421;0;0,000000;
SERVER;OBTER_EXEMPLAR_POR_ISBN;1369782486421;1369782486432;11;0,011000;
SERVER;OBTER_QUANTIDADE_POR_ISBN;1369782486421;1369782486442;21;0,021000;
SERVER;OBTER_EXEMPLAR_POR_ISBN;1369782486466;1369782486466;0;0,000000;
SERVER;OBTER_EXEMPLAR_POR_ISBN;1369782486466;1369782486478;12;0,012000;
SERVER;OBTER_QUANTIDADE_POR_ISBN;1369782486466;1369782486491;25;0,025000;
SERVER;OBTER_EXEMPLAR_POR_ISBN;1369782486509;1369782486509;0;0,000000;
SERVER;OBTER_EXEMPLAR_POR_ISBN;1369782486509;1369782486520;11;0,011000;
SERVER;OBTER_QUANTIDADE_POR_ISBN;1369782486509;1369782486532;23;0,023000;
SERVER;OBTER_EXEMPLAR_POR_ISBN;1369782486554;1369782486554;0;0,000000;
SERVER;OBTER_EXEMPLAR_POR_ISBN;1369782486554;1369782486565;11;0,011000;
SERVER;OBTER_QUANTIDADE_POR_ISBN;1369782486554;1369782486576;22;0,022000;
SERVER;OBTER_EXEMPLAR_POR_ISBN;1369782486599;1369782486599;0;0,000000;
SERVER;OBTER_EXEMPLAR_POR_ISBN;1369782486599;1369782486610;11;0,011000;
SERVER;OBTER_QUANTIDADE_POR_ISBN;1369782486599;1369782486620;21;0,021000;
SERVER;OBTER_EXEMPLAR_POR_ISBN;1369782487279;1369782487279;0;0,000000;
SERVER;OBTER_EXEMPLAR_POR_ISBN;1369782487279;1369782487290;11;0,011000;
SERVER;OBTER_QUANTIDADE_POR_ISBN;1369782487279;1369782487301;22;0,022000;
SERVER;OBTER_EXEMPLAR_POR_ISBN;1369782487329;1369782487329;0;0,000000;
SERVER;OBTER_EXEMPLAR_POR_ISBN;1369782487329;1369782487338;9;0,009000;
SERVER;OBTER_QUANTIDADE_POR_ISBN;1369782487329;1369782487348;19;0,019000;
SERVER;OBTER_EXEMPLAR_POR_ISBN;1369782487366;1369782487366;0;0,000000;
SERVER;OBTER_EXEMPLAR_POR_ISBN;1369782487366;1369782487378;12;0,012000;
SERVER;OBTER_QUANTIDADE_POR_ISBN;1369782487366;1369782487390;24;0,024000;
SERVER;OBTER_EXEMPLAR_POR_ISBN;1369782487420;1369782487420;0;0,000000;
SERVER;OBTER_EXEMPLAR_POR_ISBN;1369782487420;1369782487481;61;0,061000;
SERVER;OBTER_QUANTIDADE_POR_ISBN;1369782487420;1369782487542;122;0,122000;
SERVER;OBTER_EXEMPLAR_POR_ISBN;1369782487623;1369782487623;0;0,000000;
SERVER;OBTER_EXEMPLAR_POR_ISBN;1369782487623;1369782487681;58;0,058000;
SERVER;OBTER_QUANTIDADE_POR_ISBN;1369782487623;1369782487748;125;0,125000;
SERVER;OBTER_EXEMPLAR_POR_ISBN;1369782487836;1369782487836;0;0,000000;
SERVER;OBTER_EXEMPLAR_POR_ISBN;1369782487836;1369782487907;71;0,071000;
SERVER;OBTER_QUANTIDADE_POR_ISBN;1369782487836;1369782487976;140;0,140000;
SERVER;OBTER_EXEMPLAR_POR_ISBN;1369782488050;1369782488050;0;0,000000;
SERVER;OBTER_EXEMPLAR_POR_ISBN;1369782488050;1369782488112;62;0,062000;
SERVER;OBTER_QUANTIDADE_POR_ISBN;1369782488050;1369782488177;127;0,127000;
