CLIENTE;OBTER_TODOS_ISBNS;1369782468341;1369782468520;179;0,179000;
CLIENTE;OBTER_TODOS_ISBNS;1369782468530;1369782468550;20;0,020000;
CLIENTE;OBTER_TODOS_ISBNS;1369782468553;1369782468568;15;0,015000;
CLIENTE;OBTER_TODOS_ISBNS;1369782468570;1369782468584;14;0,014000;
CLIENTE;OBTER_TODOS_ISBNS;1369782468588;1369782468611;23;0,023000;
CLIENTE;OBTER_TODOS_ISBNS;1369782468613;1369782468631;18;0,018000;
CLIENTE;OBTER_TODOS_ISBNS;1369782468633;1369782468647;14;0,014000;
CLIENTE;OBTER_TODOS_ISBNS;1369782468654;1369782468669;15;0,015000;
CLIENTE;OBTER_TODOS_ISBNS;1369782469063;1369782469088;25;0,025000;
CLIENTE;OBTER_TODOS_ISBNS;1369782469092;1369782469113;21;0,021000;
CLIENTE;OBTER_TODOS_ISBNS;1369782469119;1369782469139;20;0,020000;
CLIENTE;OBTER_TODOS_ISBNS;1369782469142;1369782469157;15;0,015000;
CLIENTE;OBTER_TODOS_ISBNS;1369782469159;1369782469183;24;0,024000;
CLIENTE;OBTER_TODOS_ISBNS;1369782469192;1369782469209;17;0,017000;
CLIENTE;OBTER_TODOS_ISBNS;1369782469212;1369782469230;18;0,018000;
CLIENTE;OBTER_TODOS_ISBNS;1369782469579;1369782469598;19;0,019000;
CLIENTE;OBTER_TODOS_ISBNS;1369782469603;1369782469646;43;0,043000;
CLIENTE;OBTER_TODOS_ISBNS;1369782469649;1369782469666;17;0,017000;
CLIENTE;OBTER_TODOS_ISBNS;1369782469669;1369782469695;26;0,026000;
CLIENTE;OBTER_TODOS_ISBNS;1369782469697;1369782469720;23;0,023000;
CLIENTE;OBTER_TODOS_ISBNS;1369782469725;1369782469744;19;0,019000;
CLIENTE;OBTER_TODOS_ISBNS;1369782469746;1369782469784;38;0,038000;
CLIENTE;OBTER_TODOS_ISBNS;1369782469788;1369782469807;19;0,019000;
CLIENTE;OBTER_TODOS_ISBNS;1369782469810;1369782469826;16;0,016000;
CLIENTE;OBTER_TODOS_ISBNS;1369782469828;1369782469852;24;0,024000;
CLIENTE;OBTER_TODOS_ISBNS;1369782469857;1369782469881;24;0,024000;
CLIENTE;OBTER_TODOS_ISBNS;1369782469884;1369782469904;20;0,020000;
CLIENTE;OBTER_TODOS_ISBNS;1369782469906;1369782469923;17;0,017000;
CLIENTE;OBTER_TODOS_ISBNS;1369782469926;1369782469950;24;0,024000;
CLIENTE;OBTER_TODOS_ISBNS;1369782469953;1369782469979;26;0,026000;
CLIENTE;OBTER_TODOS_ISBNS;1369782469984;1369782470015;31;0,031000;
CLIENTE;OBTER_TODOS_ISBNS;1369782470019;1369782470047;28;0,028000;
CLIENTE;OBTER_TODOS_ISBNS;1369782470050;1369782470067;17;0,017000;
CLIENTE;OBTER_TODOS_ISBNS;1369782470071;1369782470089;18;0,018000;
CLIENTE;OBTER_TODOS_ISBNS;1369782470092;1369782470109;17;0,017000;
CLIENTE;OBTER_TODOS_ISBNS;1369782470113;1369782470154;41;0,041000;
CLIENTE;OBTER_TODOS_ISBNS;1369782470157;1369782470179;22;0,022000;
CLIENTE;OBTER_TODOS_ISBNS;1369782470182;1369782470200;18;0,018000;
CLIENTE;OBTER_TODOS_ISBNS;1369782470203;1369782470222;19;0,019000;
CLIENTE;OBTER_TODOS_ISBNS;1369782470225;1369782470256;31;0,031000;
CLIENTE;OBTER_TODOS_ISBNS;1369782470780;1369782470804;24;0,024000;
CLIENTE;OBTER_TODOS_ISBNS;1369782470809;1369782470833;24;0,024000;
CLIENTE;OBTER_TODOS_ISBNS;1369782470838;1369782470871;33;0,033000;
CLIENTE;OBTER_TODOS_ISBNS;1369782470874;1369782470893;19;0,019000;
CLIENTE;OBTER_TODOS_ISBNS;1369782470898;1369782470933;35;0,035000;
CLIENTE;OBTER_TODOS_ISBNS;1369782471492;1369782471513;21;0,021000;
CLIENTE;OBTER_TODOS_ISBNS;1369782471518;1369782471542;24;0,024000;
CLIENTE;OBTER_TODOS_ISBNS;1369782472134;1369782472158;24;0,024000;
CLIENTE;OBTER_TODOS_ISBNS;1369782472163;1369782472181;18;0,018000;
CLIENTE;OBTER_TODOS_ISBNS;1369782472184;1369782472212;28;0,028000;
CLIENTE;OBTER_DESCRICAO_POR_ISBN;1369782472218;1369782472238;20;0,020000;
CLIENTE;OBTER_DESCRICAO_POR_ISBN;1369782472241;1369782472264;23;0,023000;
CLIENTE;OBTER_DESCRICAO_POR_ISBN;1369782472267;1369782472304;37;0,037000;
CLIENTE;OBTER_DESCRICAO_POR_ISBN;1369782473308;1369782473337;29;0,029000;
CLIENTE;OBTER_DESCRICAO_POR_ISBN;1369782473344;1369782473365;21;0,021000;
CLIENTE;OBTER_DESCRICAO_POR_ISBN;1369782473368;1369782473387;19;0,019000;
CLIENTE;OBTER_DESCRICAO_POR_ISBN;1369782473896;1369782473921;25;0,025000;
CLIENTE;OBTER_DESCRICAO_POR_ISBN;1369782473928;1369782473951;23;0,023000;
CLIENTE;OBTER_DESCRICAO_POR_ISBN;1369782474705;1369782474729;24;0,024000;
CLIENTE;OBTER_DESCRICAO_POR_ISBN;1369782474732;1369782474751;19;0,019000;
CLIENTE;OBTER_DESCRICAO_POR_ISBN;1369782475401;1369782475423;22;0,022000;
CLIENTE;OBTER_DESCRICAO_POR_ISBN;1369782475431;1369782475451;20;0,020000;
CLIENTE;OBTER_DESCRICAO_POR_ISBN;1369782475455;1369782475479;24;0,024000;
CLIENTE;OBTER_DESCRICAO_POR_ISBN;1369782475485;1369782475510;25;0,025000;
CLIENTE;OBTER_DESCRICAO_POR_ISBN;1369782475514;1369782475535;21;0,021000;
CLIENTE;OBTER_DESCRICAO_POR_ISBN;1369782475541;1369782475558;17;0,017000;
CLIENTE;OBTER_DESCRICAO_POR_ISBN;1369782475561;1369782475584;23;0,023000;
CLIENTE;OBTER_DESCRICAO_POR_ISBN;1369782475587;1369782475609;22;0,022000;
CLIENTE;OBTER_DESCRICAO_POR_ISBN;1369782476384;1369782476417;33;0,033000;
CLIENTE;OBTER_DESCRICAO_POR_ISBN;1369782476424;1369782476442;18;0,018000;
CLIENTE;OBTER_DESCRICAO_POR_ISBN;1369782476447;1369782476473;26;0,026000;
CLIENTE;OBTER_DESCRICAO_POR_ISBN;1369782476477;1369782476494;17;0,017000;
CLIENTE;OBTER_DESCRICAO_POR_ISBN;1369782476497;1369782476518;21;0,021000;
CLIENTE;OBTER_DESCRICAO_POR_ISBN;1369782476521;1369782476539;18;0,018000;
CLIENTE;OBTER_DESCRICAO_POR_ISBN;1369782476545;1369782476567;22;0,022000;
CLIENTE;OBTER_DESCRICAO_POR_ISBN;1369782476571;1369782476593;22;0,022000;
CLIENTE;OBTER_DESCRICAO_POR_ISBN;1369782476597;1369782476617;20;0,020000;
CLIENTE;OBTER_DESCRICAO_POR_ISBN;1369782476621;1369782476639;18;0,018000;
CLIENTE;OBTER_DESCRICAO_POR_ISBN;1369782476644;1369782476662;18;0,018000;
CLIENTE;OBTER_DESCRICAO_POR_ISBN;1369782476667;1369782476695;28;0,028000;
CLIENTE;OBTER_DESCRICAO_POR_ISBN;1369782476699;1369782476727;28;0,028000;
CLIENTE;OBTER_DESCRICAO_POR_ISBN;1369782476732;1369782476761;29;0,029000;
CLIENTE;OBTER_DESCRICAO_POR_ISBN;1369782476765;1369782476797;32;0,032000;
CLIENTE;OBTER_DESCRICAO_POR_ISBN;1369782476801;1369782476835;34;0,034000;
CLIENTE;OBTER_DESCRICAO_POR_ISBN;1369782476839;1369782476869;30;0,030000;
CLIENTE;OBTER_DESCRICAO_POR_ISBN;1369782476874;1369782476908;34;0,034000;
CLIENTE;OBTER_DESCRICAO_POR_ISBN;1369782476912;1369782476951;39;0,039000;
CLIENTE;OBTER_DESCRICAO_POR_ISBN;1369782476955;1369782476996;41;0,041000;
CLIENTE;OBTER_DESCRICAO_POR_ISBN;1369782477000;1369782477036;36;0,036000;
CLIENTE;OBTER_DESCRICAO_POR_ISBN;1369782477040;1369782477076;36;0,036000;
CLIENTE;OBTER_DESCRICAO_POR_ISBN;1369782477080;1369782477114;34;0,034000;
CLIENTE;OBTER_DESCRICAO_POR_ISBN;1369782477119;1369782477150;31;0,031000;
CLIENTE;OBTER_DESCRICAO_POR_ISBN;1369782477156;1369782477209;53;0,053000;
CLIENTE;OBTER_DESCRICAO_POR_ISBN;1369782477213;1369782477244;31;0,031000;
CLIENTE;OBTER_DESCRICAO_POR_ISBN;1369782477248;1369782477281;33;0,033000;
CLIENTE;OBTER_DESCRICAO_POR_ISBN;1369782477803;1369782477841;38;0,038000;
CLIENTE;OBTER_DESCRICAO_POR_ISBN;1369782477848;1369782477886;38;0,038000;
CLIENTE;OBTER_DESCRICAO_POR_ISBN;1369782477890;1369782477926;36;0,036000;
CLIENTE;OBTER_DESCRICAO_POR_ISBN;1369782477931;1369782477968;37;0,037000;
CLIENTE;OBTER_DESCRICAO_POR_ISBN;1369782477971;1369782478049;78;0,078000;
CLIENTE;OBTER_LIVRO_POR_ISBN;1369782478053;1369782478082;29;0,029000;
CLIENTE;OBTER_LIVRO_POR_ISBN;1369782478087;1369782478117;30;0,030000;
CLIENTE;OBTER_LIVRO_POR_ISBN;1369782478122;1369782478155;33;0,033000;
CLIENTE;OBTER_LIVRO_POR_ISBN;1369782478158;1369782478185;27;0,027000;
CLIENTE;OBTER_LIVRO_POR_ISBN;1369782478190;1369782478219;29;0,029000;
CLIENTE;OBTER_LIVRO_POR_ISBN;1369782478222;1369782478250;28;0,028000;
CLIENTE;OBTER_LIVRO_POR_ISBN;1369782478253;1369782478280;27;0,027000;
CLIENTE;OBTER_LIVRO_POR_ISBN;1369782478285;1369782478314;29;0,029000;
CLIENTE;OBTER_LIVRO_POR_ISBN;1369782478318;1369782478345;27;0,027000;
CLIENTE;OBTER_LIVRO_POR_ISBN;1369782478351;1369782478376;25;0,025000;
CLIENTE;OBTER_LIVRO_POR_ISBN;1369782478380;1369782478417;37;0,037000;
CLIENTE;OBTER_LIVRO_POR_ISBN;1369782478420;1369782478452;32;0,032000;
CLIENTE;OBTER_LIVRO_POR_ISBN;1369782478458;1369782478481;23;0,023000;
CLIENTE;OBTER_LIVRO_POR_ISBN;1369782478485;1369782478507;22;0,022000;
CLIENTE;OBTER_LIVRO_POR_ISBN;1369782478964;1369782479003;39;0,039000;
CLIENTE;OBTER_LIVRO_POR_ISBN;1369782479011;1369782479057;46;0,046000;
CLIENTE;OBTER_LIVRO_POR_ISBN;1369782479061;1369782479096;35;0,035000;
CLIENTE;OBTER_LIVRO_POR_ISBN;1369782479100;1369782479125;25;0,025000;
CLIENTE;OBTER_LIVRO_POR_ISBN;1369782479137;1369782479161;24;0,024000;
CLIENTE;OBTER_LIVRO_POR_ISBN;1369782479166;1369782479187;21;0,021000;
CLIENTE;OBTER_LIVRO_POR_ISBN;1369782479641;1369782479674;33;0,033000;
CLIENTE;OBTER_LIVRO_POR_ISBN;1369782479679;1369782479710;31;0,031000;
CLIENTE;OBTER_LIVRO_POR_ISBN;1369782479714;1369782479737;23;0,023000;
CLIENTE;OBTER_LIVRO_POR_ISBN;1369782479743;1369782479769;26;0,026000;
CLIENTE;OBTER_LIVRO_POR_ISBN;1369782479774;1369782479801;27;0,027000;
CLIENTE;OBTER_LIVRO_POR_ISBN;1369782479814;1369782479874;60;0,060000;
CLIENTE;OBTER_LIVRO_POR_ISBN;1369782479878;1369782479899;21;0,021000;
CLIENTE;OBTER_LIVRO_POR_ISBN;1369782479904;1369782479928;24;0,024000;
CLIENTE;OBTER_LIVRO_POR_ISBN;1369782479933;1369782479956;23;0,023000;
CLIENTE;OBTER_LIVRO_POR_ISBN;1369782479960;1369782479988;28;0,028000;
CLIENTE;OBTER_LIVRO_POR_ISBN;1369782479992;1369782480015;23;0,023000;
CLIENTE;OBTER_LIVRO_POR_ISBN;1369782480018;1369782480040;22;0,022000;
CLIENTE;OBTER_LIVRO_POR_ISBN;1369782480045;1369782480068;23;0,023000;
CLIENTE;OBTER_LIVRO_POR_ISBN;1369782480072;1369782480104;32;0,032000;
CLIENTE;OBTER_LIVRO_POR_ISBN;1369782480109;1369782480141;32;0,032000;
CLIENTE;OBTER_LIVRO_POR_ISBN;1369782480145;1369782480170;25;0,025000;
CLIENTE;OBTER_LIVRO_POR_ISBN;1369782480174;1369782480203;29;0,029000;
CLIENTE;OBTER_LIVRO_POR_ISBN;1369782480207;1369782480231;24;0,024000;
CLIENTE;OBTER_LIVRO_POR_ISBN;1369782480648;1369782480738;90;0,090000;
CLIENTE;OBTER_LIVRO_POR_ISBN;1369782480744;1369782480775;31;0,031000;
CLIENTE;OBTER_LIVRO_POR_ISBN;1369782480779;1369782480827;48;0,048000;
CLIENTE;OBTER_LIVRO_POR_ISBN;1369782480833;1369782480857;24;0,024000;
CLIENTE;OBTER_LIVRO_POR_ISBN;1369782480862;1369782480885;23;0,023000;
CLIENTE;OBTER_LIVRO_POR_ISBN;1369782481363;1369782481397;34;0,034000;
CLIENTE;OBTER_LIVRO_POR_ISBN;1369782481403;1369782481429;26;0,026000;
CLIENTE;OBTER_LIVRO_POR_ISBN;1369782481434;1369782481458;24;0,024000;
CLIENTE;OBTER_LIVRO_POR_ISBN;1369782481463;1369782481488;25;0,025000;
CLIENTE;OBTER_LIVRO_POR_ISBN;1369782481495;1369782481521;26;0,026000;
CLIENTE;OBTER_LIVRO_POR_ISBN;1369782481527;1369782481548;21;0,021000;
CLIENTE;OBTER_LIVRO_POR_ISBN;1369782481553;1369782481571;18;0,018000;
CLIENTE;OBTER_TODOS_LIVROS;1369782481575;1369782481606;31;0,031000;
CLIENTE;OBTER_TODOS_LIVROS;1369782481638;1369782481687;49;0,049000;
CLIENTE;OBTER_TODOS_LIVROS;1369782481717;1369782481756;39;0,039000;
CLIENTE;OBTER_TODOS_LIVROS;1369782481785;1369782481873;88;0,088000;
CLIENTE;OBTER_TODOS_LIVROS;1369782481900;1369782481948;48;0,048000;
CLIENTE;OBTER_TODOS_LIVROS;1369782481966;1369782482003;37;0,037000;
CLIENTE;OBTER_TODOS_LIVROS;1369782482018;1369782482051;33;0,033000;
CLIENTE;OBTER_TODOS_LIVROS;1369782482073;1369782482108;35;0,035000;
CLIENTE;OBTER_TODOS_LIVROS;1369782482129;1369782482167;38;0,038000;
CLIENTE;OBTER_TODOS_LIVROS;1369782482178;1369782482212;34;0,034000;
CLIENTE;OBTER_TODOS_LIVROS;1369782482223;1369782482256;33;0,033000;
CLIENTE;OBTER_TODOS_LIVROS;1369782482266;1369782482303;37;0,037000;
CLIENTE;OBTER_TODOS_LIVROS;1369782482335;1369782482369;34;0,034000;
CLIENTE;OBTER_TODOS_LIVROS;1369782482380;1369782482413;33;0,033000;
CLIENTE;OBTER_TODOS_LIVROS;1369782482871;1369782482899;28;0,028000;
CLIENTE;OBTER_TODOS_LIVROS;1369782482906;1369782482947;41;0,041000;
CLIENTE;OBTER_TODOS_LIVROS;1369782482991;1369782483028;37;0,037000;
CLIENTE;OBTER_TODOS_LIVROS;1369782483037;1369782483076;39;0,039000;
CLIENTE;OBTER_TODOS_LIVROS;1369782483094;1369782483128;34;0,034000;
CLIENTE;OBTER_TODOS_LIVROS;1369782483137;1369782483166;29;0,029000;
CLIENTE;OBTER_TODOS_LIVROS;1369782483174;1369782483202;28;0,028000;
CLIENTE;OBTER_TODOS_LIVROS;1369782483213;1369782483241;28;0,028000;
CLIENTE;OBTER_TODOS_LIVROS;1369782483251;1369782483273;22;0,022000;
CLIENTE;OBTER_TODOS_LIVROS;1369782483284;1369782483332;48;0,048000;
CLIENTE;OBTER_TODOS_LIVROS;1369782483349;1369782483384;35;0,035000;
CLIENTE;OBTER_TODOS_LIVROS;1369782483394;1369782483421;27;0,027000;
CLIENTE;OBTER_TODOS_LIVROS;1369782483436;1369782483467;31;0,031000;
CLIENTE;OBTER_TODOS_LIVROS;1369782483477;1369782483504;27;0,027000;
CLIENTE;OBTER_TODOS_LIVROS;1369782483512;1369782483546;34;0,034000;
CLIENTE;OBTER_TODOS_LIVROS;1369782483554;1369782483580;26;0,026000;
CLIENTE;OBTER_TODOS_LIVROS;1369782483590;1369782483624;34;0,034000;
CLIENTE;OBTER_TODOS_LIVROS;1369782483634;1369782483672;38;0,038000;
CLIENTE;OBTER_TODOS_LIVROS;1369782483681;1369782483754;73;0,073000;
CLIENTE;OBTER_TODOS_LIVROS;1369782483763;1369782483804;41;0,041000;
CLIENTE;OBTER_TODOS_LIVROS;1369782484269;1369782484329;60;0,060000;
CLIENTE;OBTER_TODOS_LIVROS;1369782484343;1369782484382;39;0,039000;
CLIENTE;OBTER_TODOS_LIVROS;1369782484391;1369782484445;54;0,054000;
CLIENTE;OBTER_TODOS_LIVROS;1369782484454;1369782484494;40;0,040000;
CLIENTE;OBTER_TODOS_LIVROS;1369782484504;1369782484547;43;0,043000;
CLIENTE;OBTER_TODOS_LIVROS;1369782484556;1369782484596;40;0,040000;
CLIENTE;OBTER_TODOS_LIVROS;1369782484605;1369782484652;47;0,047000;
CLIENTE;OBTER_TODOS_LIVROS;1369782484661;1369782484703;42;0,042000;
CLIENTE;OBTER_TODOS_LIVROS;1369782484711;1369782484766;55;0,055000;
CLIENTE;OBTER_TODOS_LIVROS;1369782484777;1369782484824;47;0,047000;
CLIENTE;OBTER_TODOS_LIVROS;1369782484833;1369782484869;36;0,036000;
CLIENTE;OBTER_TODOS_LIVROS;1369782484879;1369782484913;34;0,034000;
CLIENTE;OBTER_TODOS_LIVROS;1369782484924;1369782484960;36;0,036000;
CLIENTE;OBTER_TODOS_LIVROS;1369782484968;1369782485003;35;0,035000;
CLIENTE;OBTER_TODOS_LIVROS;1369782485014;1369782485062;48;0,048000;
CLIENTE;OBTER_TODOS_LIVROS;1369782485072;1369782485112;40;0,040000;
CLIENTE;ALTERAR_NR_EXEMPLARES_ESTOQUE;1369782485121;1369782485153;32;0,032000;
CLIENTE;ALTERAR_NR_EXEMPLARES_ESTOQUE;1369782485158;1369782485187;29;0,029000;
CLIENTE;ALTERAR_NR_EXEMPLARES_ESTOQUE;1369782485699;1369782485745;46;0,046000;
CLIENTE;ALTERAR_NR_EXEMPLARES_ESTOQUE;1369782485754;1369782485783;29;0,029000;
CLIENTE;ALTERAR_NR_EXEMPLARES_ESTOQUE;1369782485788;1369782485822;34;0,034000;
CLIENTE;ALTERAR_NR_EXEMPLARES_ESTOQUE;1369782485826;1369782485867;41;0,041000;
CLIENTE;ALTERAR_NR_EXEMPLARES_ESTOQUE;1369782485873;1369782485915;42;0,042000;
CLIENTE;ALTERAR_NR_EXEMPLARES_ESTOQUE;1369782485919;1369782485965;46;0,046000;
CLIENTE;ALTERAR_NR_EXEMPLARES_ESTOQUE;1369782485969;1369782486016;47;0,047000;
CLIENTE;ALTERAR_NR_EXEMPLARES_ESTOQUE;1369782486022;1369782486052;30;0,030000;
CLIENTE;ALTERAR_NR_EXEMPLARES_ESTOQUE;1369782486057;1369782486087;30;0,030000;
CLIENTE;ALTERAR_NR_EXEMPLARES_ESTOQUE;1369782486092;1369782486126;34;0,034000;
CLIENTE;ALTERAR_NR_EXEMPLARES_ESTOQUE;1369782486130;1369782486159;29;0,029000;
CLIENTE;ALTERAR_NR_EXEMPLARES_ESTOQUE;1369782486163;1369782486194;31;0,031000;
CLIENTE;ALTERAR_NR_EXEMPLARES_ESTOQUE;1369782486199;1369782486231;32;0,032000;
CLIENTE;ALTERAR_NR_EXEMPLARES_ESTOQUE;1369782486235;1369782486272;37;0,037000;
CLIENTE;ALTERAR_NR_EXEMPLARES_ESTOQUE;1369782486276;1369782486325;49;0,049000;
CLIENTE;ALTERAR_NR_EXEMPLARES_ESTOQUE;1369782486329;1369782486366;37;0,037000;
CLIENTE;ALTERAR_NR_EXEMPLARES_ESTOQUE;1369782486370;1369782486414;44;0,044000;
CLIENTE;ALTERAR_NR_EXEMPLARES_ESTOQUE;1369782486420;1369782486459;39;0,039000;
CLIENTE;ALTERAR_NR_EXEMPLARES_ESTOQUE;1369782486463;1369782486489;26;0,026000;
CLIENTE;ALTERAR_NR_EXEMPLARES_ESTOQUE;1369782486492;1369782486526;34;0,034000;
CLIENTE;ALTERAR_NR_EXEMPLARES_ESTOQUE;1369782486531;1369782486569;38;0,038000;
CLIENTE;ALTERAR_NR_EXEMPLARES_ESTOQUE;1369782486575;1369782486615;40;0,040000;
CLIENTE;ALTERAR_NR_EXEMPLARES_ESTOQUE;1369782486619;1369782486657;38;0,038000;
CLIENTE;ALTERAR_NR_EXEMPLARES_ESTOQUE;1369782486661;1369782486700;39;0,039000;
CLIENTE;ALTERAR_NR_EXEMPLARES_ESTOQUE;1369782486704;1369782486741;37;0,037000;
CLIENTE;ALTERAR_NR_EXEMPLARES_ESTOQUE;1369782486746;1369782486789;43;0,043000;
CLIENTE;ALTERAR_NR_EXEMPLARES_ESTOQUE;1369782486793;1369782486835;42;0,042000;
CLIENTE;ALTERAR_NR_EXEMPLARES_ESTOQUE;1369782486839;1369782486879;40;0,040000;
CLIENTE;ALTERAR_NR_EXEMPLARES_ESTOQUE;1369782486883;1369782486926;43;0,043000;
CLIENTE;ALTERAR_NR_EXEMPLARES_ESTOQUE;1369782486930;1369782486977;47;0,047000;
CLIENTE;ALTERAR_NR_EXEMPLARES_ESTOQUE;1369782486982;1369782487023;41;0,041000;
CLIENTE;ALTERAR_NR_EXEMPLARES_ESTOQUE;1369782487415;1369782487460;45;0,045000;
CLIENTE;ALTERAR_NR_EXEMPLARES_ESTOQUE;1369782487469;1369782487517;48;0,048000;
CLIENTE;ALTERAR_NR_EXEMPLARES_ESTOQUE;1369782487522;1369782487570;48;0,048000;
CLIENTE;ALTERAR_NR_EXEMPLARES_ESTOQUE;1369782488043;1369782488096;53;0,053000;
CLIENTE;ALTERAR_NR_EXEMPLARES_ESTOQUE;1369782488106;1369782488151;45;0,045000;
CLIENTE;ALTERAR_NR_EXEMPLARES_ESTOQUE;1369782488156;1369782488201;45;0,045000;
CLIENTE;ALTERAR_NR_EXEMPLARES_ESTOQUE;1369782488206;1369782488259;53;0,053000;
CLIENTE;ALTERAR_NR_EXEMPLARES_ESTOQUE;1369782488263;1369782488343;80;0,080000;
CLIENTE;ALTERAR_NR_EXEMPLARES_ESTOQUE;1369782488348;1369782488398;50;0,050000;
CLIENTE;ALTERAR_NR_EXEMPLARES_ESTOQUE;1369782488402;1369782488451;49;0,049000;
CLIENTE;ALTERAR_NR_EXEMPLARES_ESTOQUE;1369782488457;1369782488484;27;0,027000;
CLIENTE;ALTERAR_NR_EXEMPLARES_ESTOQUE;1369782488488;1369782488520;32;0,032000;
CLIENTE;ALTERAR_NR_EXEMPLARES_ESTOQUE;1369782488524;1369782488587;63;0,063000;
CLIENTE;ALTERAR_NR_EXEMPLARES_ESTOQUE;1369782488592;1369782488678;86;0,086000;
CLIENTE;ALTERAR_NR_EXEMPLARES_ESTOQUE;1369782488682;1369782488714;32;0,032000;
CLIENTE;ALTERAR_NR_EXEMPLARES_ESTOQUE;1369782488719;1369782488749;30;0,030000;
CLIENTE;ALTERAR_NR_EXEMPLARES_ESTOQUE;1369782489200;1369782489232;32;0,032000;
CLIENTE;OBTER_NR_EXEMPLARES_ESTOQUE;1369782489242;1369782489273;31;0,031000;
CLIENTE;OBTER_NR_EXEMPLARES_ESTOQUE;1369782489277;1369782489312;35;0,035000;
CLIENTE;OBTER_NR_EXEMPLARES_ESTOQUE;1369782489316;1369782489356;40;0,040000;
CLIENTE;OBTER_NR_EXEMPLARES_ESTOQUE;1369782489363;1369782489402;39;0,039000;
CLIENTE;OBTER_NR_EXEMPLARES_ESTOQUE;1369782489407;1369782489440;33;0,033000;
CLIENTE;OBTER_NR_EXEMPLARES_ESTOQUE;1369782489447;1369782489483;36;0,036000;
CLIENTE;OBTER_NR_EXEMPLARES_ESTOQUE;1369782489487;1369782489532;45;0,045000;
CLIENTE;OBTER_NR_EXEMPLARES_ESTOQUE;1369782489538;1369782489577;39;0,039000;
CLIENTE;OBTER_NR_EXEMPLARES_ESTOQUE;1369782489581;1369782489626;45;0,045000;
CLIENTE;OBTER_NR_EXEMPLARES_ESTOQUE;1369782489630;1369782489673;43;0,043000;
CLIENTE;OBTER_NR_EXEMPLARES_ESTOQUE;1369782489677;1369782489740;63;0,063000;
CLIENTE;OBTER_NR_EXEMPLARES_ESTOQUE;1369782489745;1369782489834;89;0,089000;
CLIENTE;OBTER_NR_EXEMPLARES_ESTOQUE;1369782489840;1369782489881;41;0,041000;
CLIENTE;OBTER_NR_EXEMPLARES_ESTOQUE;1369782489886;1369782489920;34;0,034000;
CLIENTE;OBTER_NR_EXEMPLARES_ESTOQUE;1369782489924;1369782489955;31;0,031000;
CLIENTE;OBTER_NR_EXEMPLARES_ESTOQUE;1369782489961;1369782490007;46;0,046000;
CLIENTE;OBTER_NR_EXEMPLARES_ESTOQUE;1369782490014;1369782490048;34;0,034000;
CLIENTE;OBTER_NR_EXEMPLARES_ESTOQUE;1369782490052;1369782490084;32;0,032000;
CLIENTE;OBTER_NR_EXEMPLARES_ESTOQUE;1369782490088;1369782490120;32;0,032000;
CLIENTE;OBTER_NR_EXEMPLARES_ESTOQUE;1369782490125;1369782490158;33;0,033000;
CLIENTE;OBTER_NR_EXEMPLARES_ESTOQUE;1369782490163;1369782490196;33;0,033000;
CLIENTE;OBTER_NR_EXEMPLARES_ESTOQUE;1369782490201;1369782490230;29;0,029000;
CLIENTE;OBTER_NR_EXEMPLARES_ESTOQUE;1369782490235;1369782490267;32;0,032000;
CLIENTE;OBTER_NR_EXEMPLARES_ESTOQUE;1369782490271;1369782490305;34;0,034000;
CLIENTE;OBTER_NR_EXEMPLARES_ESTOQUE;1369782490761;1369782490806;45;0,045000;
CLIENTE;OBTER_NR_EXEMPLARES_ESTOQUE;1369782490816;1369782490853;37;0,037000;
CLIENTE;OBTER_NR_EXEMPLARES_ESTOQUE;1369782491405;1369782491446;41;0,041000;
CLIENTE;OBTER_NR_EXEMPLARES_ESTOQUE;1369782492076;1369782492119;43;0,043000;
CLIENTE;OBTER_NR_EXEMPLARES_ESTOQUE;1369782492124;1369782492159;35;0,035000;
CLIENTE;OBTER_NR_EXEMPLARES_ESTOQUE;1369782492614;1369782492649;35;0,035000;
CLIENTE;OBTER_NR_EXEMPLARES_ESTOQUE;1369782492658;1369782492694;36;0,036000;
CLIENTE;OBTER_NR_EXEMPLARES_ESTOQUE;1369782492699;1369782492740;41;0,041000;
CLIENTE;OBTER_NR_EXEMPLARES_ESTOQUE;1369782492746;1369782492783;37;0,037000;
CLIENTE;OBTER_NR_EXEMPLARES_ESTOQUE;1369782492788;1369782492828;40;0,040000;
CLIENTE;OBTER_NR_EXEMPLARES_ESTOQUE;1369782492833;1369782492877;44;0,044000;
CLIENTE;OBTER_NR_EXEMPLARES_ESTOQUE;1369782492882;1369782492916;34;0,034000;
CLIENTE;OBTER_NR_EXEMPLARES_ESTOQUE;1369782492922;1369782492956;34;0,034000;
CLIENTE;OBTER_NR_EXEMPLARES_ESTOQUE;1369782492960;1369782492995;35;0,035000;
CLIENTE;OBTER_NR_EXEMPLARES_ESTOQUE;1369782493000;1369782493043;43;0,043000;
CLIENTE;OBTER_NR_EXEMPLARES_ESTOQUE;1369782493049;1369782493087;38;0,038000;
CLIENTE;OBTER_NR_EXEMPLARES_ESTOQUE;1369782493092;1369782493128;36;0,036000;
CLIENTE;OBTER_NR_EXEMPLARES_ESTOQUE;1369782493134;1369782493171;37;0,037000;
CLIENTE;OBTER_NR_EXEMPLARES_ESTOQUE;1369782493175;1369782493215;40;0,040000;
CLIENTE;OBTER_NR_EXEMPLARES_ESTOQUE;1369782493855;1369782493900;45;0,045000;
CLIENTE;OBTER_NR_EXEMPLARES_ESTOQUE;1369782493910;1369782493943;33;0,033000;
CLIENTE;OBTER_NR_EXEMPLARES_ESTOQUE;1369782493947;1369782493987;40;0,040000;
CLIENTE;OBTER_NR_EXEMPLARES_ESTOQUE;1369782493995;1369782494191;196;0,196000;
CLIENTE;OBTER_NR_EXEMPLARES_ESTOQUE;1369782494199;1369782494411;212;0,212000;
CLIENTE;OBTER_NR_EXEMPLARES_ESTOQUE;1369782494419;1369782494625;206;0,206000;
CLIENTE;OBTER_NR_EXEMPLARES_ESTOQUE;1369782494632;1369782494771;139;0,139000;
