"SERVER";"OBTER_TODOS_ISBNS";"1367769277.850885";"1367769277.851711";"0.000826";
"CLIENT";"OBTER_TODOS_ISBNS";"1367769277.850682";"1367769277.852102";"0.001420";
"SERVER";"OBTER_TODOS_ISBNS";"1367769277.868187";"1367769277.868434";"0.000247";
"CLIENT";"OBTER_TODOS_ISBNS";"1367769277.868140";"1367769277.868937";"0.000797";
"SERVER";"OBTER_TODOS_ISBNS";"1367769277.920585";"1367769277.920839";"0.000254";
"CLIENT";"OBTER_TODOS_ISBNS";"1367769277.920541";"1367769277.921276";"0.000735";
"SERVER";"OBTER_TODOS_ISBNS";"1367769277.947093";"1367769277.947276";"0.000183";
"CLIENT";"OBTER_TODOS_ISBNS";"1367769277.947048";"1367769277.947638";"0.000590";
"SERVER";"OBTER_TODOS_ISBNS";"1367769277.978947";"1367769277.979207";"0.000260";
"CLIENT";"OBTER_TODOS_ISBNS";"1367769277.978904";"1367769277.979689";"0.000785";
"SERVER";"OBTER_TODOS_ISBNS";"1367769278.004199";"1367769278.004438";"0.000239";
"CLIENT";"OBTER_TODOS_ISBNS";"1367769278.004157";"1367769278.004934";"0.000777";
"SERVER";"OBTER_TODOS_ISBNS";"1367769278.030310";"1367769278.030566";"0.000256";
"CLIENT";"OBTER_TODOS_ISBNS";"1367769278.030267";"1367769278.031066";"0.000799";
"SERVER";"OBTER_TODOS_ISBNS";"1367769278.057267";"1367769278.057515";"0.000248";
"CLIENT";"OBTER_TODOS_ISBNS";"1367769278.057224";"1367769278.058114";"0.000890";
"SERVER";"OBTER_TODOS_ISBNS";"1367769278.083854";"1367769278.084063";"0.000209";
"CLIENT";"OBTER_TODOS_ISBNS";"1367769278.083808";"1367769278.084507";"0.000699";
"SERVER";"OBTER_TODOS_ISBNS";"1367769278.110865";"1367769278.111078";"0.000213";
"CLIENT";"OBTER_TODOS_ISBNS";"1367769278.110820";"1367769278.111442";"0.000622";
"SERVER";"OBTER_TODOS_ISBNS";"1367769278.150729";"1367769278.150941";"0.000212";
"CLIENT";"OBTER_TODOS_ISBNS";"1367769278.150683";"1367769278.151223";"0.000540";
"SERVER";"OBTER_TODOS_ISBNS";"1367769278.191536";"1367769278.191789";"0.000253";
"CLIENT";"OBTER_TODOS_ISBNS";"1367769278.191492";"1367769278.192335";"0.000843";
"SERVER";"OBTER_TODOS_ISBNS";"1367769278.217908";"1367769278.218093";"0.000185";
"CLIENT";"OBTER_TODOS_ISBNS";"1367769278.217855";"1367769278.218456";"0.000601";
"SERVER";"OBTER_TODOS_ISBNS";"1367769278.244306";"1367769278.244503";"0.000197";
"CLIENT";"OBTER_TODOS_ISBNS";"1367769278.244260";"1367769278.244859";"0.000599";
"SERVER";"OBTER_TODOS_ISBNS";"1367769278.270186";"1367769278.270429";"0.000243";
"CLIENT";"OBTER_TODOS_ISBNS";"1367769278.270142";"1367769278.270947";"0.000805";
"SERVER";"OBTER_TODOS_ISBNS";"1367769278.296151";"1367769278.296400";"0.000249";
"CLIENT";"OBTER_TODOS_ISBNS";"1367769278.296108";"1367769278.296807";"0.000699";
"SERVER";"OBTER_TODOS_ISBNS";"1367769278.322199";"1367769278.322447";"0.000248";
"CLIENT";"OBTER_TODOS_ISBNS";"1367769278.322156";"1367769278.322672";"0.000516";
"SERVER";"OBTER_TODOS_ISBNS";"1367769278.348161";"1367769278.348414";"0.000253";
"CLIENT";"OBTER_TODOS_ISBNS";"1367769278.348119";"1367769278.348746";"0.000627";
"SERVER";"OBTER_TODOS_ISBNS";"1367769278.375049";"1367769278.375235";"0.000186";
"CLIENT";"OBTER_TODOS_ISBNS";"1367769278.375017";"1367769278.375377";"0.000360";
"SERVER";"OBTER_TODOS_ISBNS";"1367769278.412630";"1367769278.412827";"0.000197";
"CLIENT";"OBTER_TODOS_ISBNS";"1367769278.412584";"1367769278.413138";"0.000554";
"SERVER";"OBTER_TODOS_ISBNS";"1367769278.440431";"1367769278.440615";"0.000184";
"CLIENT";"OBTER_TODOS_ISBNS";"1367769278.440385";"1367769278.440764";"0.000379";
"SERVER";"OBTER_TODOS_ISBNS";"1367769278.466338";"1367769278.466596";"0.000258";
"CLIENT";"OBTER_TODOS_ISBNS";"1367769278.466293";"1367769278.466939";"0.000646";
"SERVER";"OBTER_TODOS_ISBNS";"1367769278.492106";"1367769278.492299";"0.000193";
"CLIENT";"OBTER_TODOS_ISBNS";"1367769278.492060";"1367769278.492487";"0.000427";
"SERVER";"OBTER_TODOS_ISBNS";"1367769278.518163";"1367769278.518408";"0.000245";
"CLIENT";"OBTER_TODOS_ISBNS";"1367769278.518119";"1367769278.518661";"0.000542";
"SERVER";"OBTER_TODOS_ISBNS";"1367769278.544121";"1367769278.544312";"0.000191";
"CLIENT";"OBTER_TODOS_ISBNS";"1367769278.544064";"1367769278.544559";"0.000495";
"SERVER";"OBTER_TODOS_ISBNS";"1367769278.570130";"1367769278.570394";"0.000264";
"CLIENT";"OBTER_TODOS_ISBNS";"1367769278.570086";"1367769278.570592";"0.000506";
"SERVER";"OBTER_TODOS_ISBNS";"1367769278.596901";"1367769278.597087";"0.000186";
"CLIENT";"OBTER_TODOS_ISBNS";"1367769278.596839";"1367769278.597311";"0.000472";
"SERVER";"OBTER_TODOS_ISBNS";"1367769278.622644";"1367769278.622841";"0.000197";
"CLIENT";"OBTER_TODOS_ISBNS";"1367769278.622599";"1367769278.623085";"0.000486";
"SERVER";"OBTER_TODOS_ISBNS";"1367769278.648973";"1367769278.649189";"0.000216";
"CLIENT";"OBTER_TODOS_ISBNS";"1367769278.648931";"1367769278.649429";"0.000498";
"SERVER";"OBTER_TODOS_ISBNS";"1367769278.674114";"1367769278.674382";"0.000268";
"CLIENT";"OBTER_TODOS_ISBNS";"1367769278.674071";"1367769278.674602";"0.000531";
"SERVER";"OBTER_TODOS_ISBNS";"1367769278.699766";"1367769278.700020";"0.000254";
"CLIENT";"OBTER_TODOS_ISBNS";"1367769278.699723";"1367769278.700366";"0.000643";
"SERVER";"OBTER_TODOS_ISBNS";"1367769278.726130";"1367769278.726382";"0.000252";
"CLIENT";"OBTER_TODOS_ISBNS";"1367769278.726088";"1367769278.726573";"0.000485";
"SERVER";"OBTER_TODOS_ISBNS";"1367769278.752138";"1367769278.752382";"0.000244";
"CLIENT";"OBTER_TODOS_ISBNS";"1367769278.752095";"1367769278.752801";"0.000706";
"SERVER";"OBTER_TODOS_ISBNS";"1367769278.778396";"1367769278.778589";"0.000193";
"CLIENT";"OBTER_TODOS_ISBNS";"1367769278.778349";"1367769278.778712";"0.000363";
"SERVER";"OBTER_TODOS_ISBNS";"1367769278.805508";"1367769278.805701";"0.000193";
"CLIENT";"OBTER_TODOS_ISBNS";"1367769278.805462";"1367769278.806060";"0.000598";
"SERVER";"OBTER_TODOS_ISBNS";"1367769278.841206";"1367769278.841410";"0.000204";
"CLIENT";"OBTER_TODOS_ISBNS";"1367769278.841153";"1367769278.841608";"0.000455";
"SERVER";"OBTER_TODOS_ISBNS";"1367769278.867763";"1367769278.867964";"0.000201";
"CLIENT";"OBTER_TODOS_ISBNS";"1367769278.867716";"1367769278.868275";"0.000559";
"SERVER";"OBTER_TODOS_ISBNS";"1367769278.894116";"1367769278.894370";"0.000254";
"CLIENT";"OBTER_TODOS_ISBNS";"1367769278.894071";"1367769278.894552";"0.000481";
"SERVER";"OBTER_TODOS_ISBNS";"1367769278.921076";"1367769278.921321";"0.000245";
"CLIENT";"OBTER_TODOS_ISBNS";"1367769278.921033";"1367769278.921616";"0.000583";
"SERVER";"OBTER_TODOS_ISBNS";"1367769278.947126";"1367769278.947317";"0.000191";
"CLIENT";"OBTER_TODOS_ISBNS";"1367769278.947080";"1367769278.947627";"0.000547";
"SERVER";"OBTER_TODOS_ISBNS";"1367769278.973046";"1367769278.973251";"0.000205";
"CLIENT";"OBTER_TODOS_ISBNS";"1367769278.973002";"1367769278.973447";"0.000445";
"SERVER";"OBTER_TODOS_ISBNS";"1367769278.999239";"1367769278.999487";"0.000248";
"CLIENT";"OBTER_TODOS_ISBNS";"1367769278.999196";"1367769278.999761";"0.000565";
"SERVER";"OBTER_TODOS_ISBNS";"1367769279.025453";"1367769279.025641";"0.000188";
"CLIENT";"OBTER_TODOS_ISBNS";"1367769279.025407";"1367769279.025945";"0.000538";
"SERVER";"OBTER_TODOS_ISBNS";"1367769279.068038";"1367769279.068239";"0.000201";
"CLIENT";"OBTER_TODOS_ISBNS";"1367769279.067993";"1367769279.068436";"0.000443";
"SERVER";"OBTER_TODOS_ISBNS";"1367769279.094736";"1367769279.094996";"0.000260";
"CLIENT";"OBTER_TODOS_ISBNS";"1367769279.094693";"1367769279.095270";"0.000577";
"SERVER";"OBTER_TODOS_ISBNS";"1367769279.121844";"1367769279.122055";"0.000211";
"CLIENT";"OBTER_TODOS_ISBNS";"1367769279.121786";"1367769279.122321";"0.000535";
"SERVER";"OBTER_TODOS_ISBNS";"1367769279.148512";"1367769279.148757";"0.000245";
"CLIENT";"OBTER_TODOS_ISBNS";"1367769279.148468";"1367769279.149012";"0.000544";
"SERVER";"OBTER_TODOS_ISBNS";"1367769279.174220";"1367769279.174455";"0.000235";
"CLIENT";"OBTER_TODOS_ISBNS";"1367769279.174179";"1367769279.174670";"0.000491";
"SERVER";"OBTER_TODOS_ISBNS";"1367769279.200082";"1367769279.200325";"0.000243";
"CLIENT";"OBTER_TODOS_ISBNS";"1367769279.200038";"1367769279.200616";"0.000578";
"SERVER";"OBTER_TODOS_ISBNS";"1367769279.226649";"1367769279.226843";"0.000194";
"CLIENT";"OBTER_TODOS_ISBNS";"1367769279.226605";"1367769279.227102";"0.000497";
"SERVER";"OBTER_DESCRICAO_POR_ISBN";"1367769279.254199";"1367769279.254206";"0.000007";
"CLIENT";"OBTER_DESCRICAO_POR_ISBN";"1367769279.254153";"1367769279.254254";"0.000101";
"SERVER";"OBTER_DESCRICAO_POR_ISBN";"1367769279.297522";"1367769279.297531";"0.000009";
"CLIENT";"OBTER_DESCRICAO_POR_ISBN";"1367769279.297483";"1367769279.297600";"0.000117";
"SERVER";"OBTER_DESCRICAO_POR_ISBN";"1367769279.328995";"1367769279.329001";"0.000006";
"CLIENT";"OBTER_DESCRICAO_POR_ISBN";"1367769279.328968";"1367769279.329098";"0.000130";
"SERVER";"OBTER_DESCRICAO_POR_ISBN";"1367769279.353028";"1367769279.353042";"0.000014";
"CLIENT";"OBTER_DESCRICAO_POR_ISBN";"1367769279.352987";"1367769279.353081";"0.000094";
"SERVER";"OBTER_DESCRICAO_POR_ISBN";"1367769279.379097";"1367769279.379106";"0.000009";
"CLIENT";"OBTER_DESCRICAO_POR_ISBN";"1367769279.379060";"1367769279.379175";"0.000115";
"SERVER";"OBTER_DESCRICAO_POR_ISBN";"1367769279.405055";"1367769279.405062";"0.000007";
"CLIENT";"OBTER_DESCRICAO_POR_ISBN";"1367769279.405013";"1367769279.405115";"0.000102";
"SERVER";"OBTER_DESCRICAO_POR_ISBN";"1367769279.431868";"1367769279.431884";"0.000016";
"CLIENT";"OBTER_DESCRICAO_POR_ISBN";"1367769279.431827";"1367769279.431939";"0.000112";
"SERVER";"OBTER_DESCRICAO_POR_ISBN";"1367769279.458987";"1367769279.458996";"0.000009";
"CLIENT";"OBTER_DESCRICAO_POR_ISBN";"1367769279.458951";"1367769279.459065";"0.000114";
"SERVER";"OBTER_DESCRICAO_POR_ISBN";"1367769279.490520";"1367769279.490527";"0.000007";
"CLIENT";"OBTER_DESCRICAO_POR_ISBN";"1367769279.490478";"1367769279.490579";"0.000101";
"SERVER";"OBTER_DESCRICAO_POR_ISBN";"1367769279.518132";"1367769279.518139";"0.000007";
"CLIENT";"OBTER_DESCRICAO_POR_ISBN";"1367769279.518091";"1367769279.518194";"0.000103";
"SERVER";"OBTER_DESCRICAO_POR_ISBN";"1367769279.544977";"1367769279.544992";"0.000015";
"CLIENT";"OBTER_DESCRICAO_POR_ISBN";"1367769279.544937";"1367769279.545085";"0.000148";
"SERVER";"OBTER_DESCRICAO_POR_ISBN";"1367769279.571056";"1367769279.571063";"0.000007";
"CLIENT";"OBTER_DESCRICAO_POR_ISBN";"1367769279.571017";"1367769279.571118";"0.000101";
"SERVER";"OBTER_DESCRICAO_POR_ISBN";"1367769279.598701";"1367769279.598710";"0.000009";
"CLIENT";"OBTER_DESCRICAO_POR_ISBN";"1367769279.598664";"1367769279.598779";"0.000115";
"SERVER";"OBTER_DESCRICAO_POR_ISBN";"1367769279.624316";"1367769279.624323";"0.000007";
"CLIENT";"OBTER_DESCRICAO_POR_ISBN";"1367769279.624274";"1367769279.624376";"0.000102";
"SERVER";"OBTER_DESCRICAO_POR_ISBN";"1367769279.650376";"1367769279.650383";"0.000007";
"CLIENT";"OBTER_DESCRICAO_POR_ISBN";"1367769279.650334";"1367769279.650436";"0.000102";
"SERVER";"OBTER_DESCRICAO_POR_ISBN";"1367769279.691859";"1367769279.691866";"0.000007";
"CLIENT";"OBTER_DESCRICAO_POR_ISBN";"1367769279.691816";"1367769279.691931";"0.000115";
"SERVER";"OBTER_DESCRICAO_POR_ISBN";"1367769279.721984";"1367769279.721993";"0.000009";
"CLIENT";"OBTER_DESCRICAO_POR_ISBN";"1367769279.721947";"1367769279.722063";"0.000116";
"SERVER";"OBTER_DESCRICAO_POR_ISBN";"1367769279.756361";"1367769279.756369";"0.000008";
"CLIENT";"OBTER_DESCRICAO_POR_ISBN";"1367769279.756320";"1367769279.756422";"0.000102";
"SERVER";"OBTER_DESCRICAO_POR_ISBN";"1367769279.783130";"1367769279.783137";"0.000007";
"CLIENT";"OBTER_DESCRICAO_POR_ISBN";"1367769279.783102";"1367769279.783189";"0.000087";
"SERVER";"OBTER_DESCRICAO_POR_ISBN";"1367769279.810038";"1367769279.810048";"0.000010";
"CLIENT";"OBTER_DESCRICAO_POR_ISBN";"1367769279.810001";"1367769279.810117";"0.000116";
"SERVER";"OBTER_DESCRICAO_POR_ISBN";"1367769279.836039";"1367769279.836046";"0.000007";
"CLIENT";"OBTER_DESCRICAO_POR_ISBN";"1367769279.836000";"1367769279.836100";"0.000100";
"SERVER";"OBTER_DESCRICAO_POR_ISBN";"1367769279.863050";"1367769279.863057";"0.000007";
"CLIENT";"OBTER_DESCRICAO_POR_ISBN";"1367769279.863010";"1367769279.863110";"0.000100";
"SERVER";"OBTER_DESCRICAO_POR_ISBN";"1367769279.890055";"1367769279.890062";"0.000007";
"CLIENT";"OBTER_DESCRICAO_POR_ISBN";"1367769279.890014";"1367769279.890113";"0.000099";
"SERVER";"OBTER_DESCRICAO_POR_ISBN";"1367769279.946214";"1367769279.946223";"0.000009";
"CLIENT";"OBTER_DESCRICAO_POR_ISBN";"1367769279.946177";"1367769279.946291";"0.000114";
"SERVER";"OBTER_DESCRICAO_POR_ISBN";"1367769279.974765";"1367769279.974774";"0.000009";
"CLIENT";"OBTER_DESCRICAO_POR_ISBN";"1367769279.974728";"1367769279.974844";"0.000116";
"SERVER";"OBTER_DESCRICAO_POR_ISBN";"1367769280.001186";"1367769280.001193";"0.000007";
"CLIENT";"OBTER_DESCRICAO_POR_ISBN";"1367769280.001146";"1367769280.001246";"0.000100";
"SERVER";"OBTER_DESCRICAO_POR_ISBN";"1367769280.026638";"1367769280.026645";"0.000007";
"CLIENT";"OBTER_DESCRICAO_POR_ISBN";"1367769280.026595";"1367769280.026697";"0.000102";
"SERVER";"OBTER_DESCRICAO_POR_ISBN";"1367769280.051024";"1367769280.051030";"0.000006";
"CLIENT";"OBTER_DESCRICAO_POR_ISBN";"1367769280.050996";"1367769280.051085";"0.000089";
"SERVER";"OBTER_DESCRICAO_POR_ISBN";"1367769280.078664";"1367769280.078673";"0.000009";
"CLIENT";"OBTER_DESCRICAO_POR_ISBN";"1367769280.078627";"1367769280.078744";"0.000117";
"SERVER";"OBTER_DESCRICAO_POR_ISBN";"1367769280.104034";"1367769280.104041";"0.000007";
"CLIENT";"OBTER_DESCRICAO_POR_ISBN";"1367769280.104006";"1367769280.104094";"0.000088";
"SERVER";"OBTER_DESCRICAO_POR_ISBN";"1367769280.131021";"1367769280.131032";"0.000011";
"CLIENT";"OBTER_DESCRICAO_POR_ISBN";"1367769280.130981";"1367769280.131108";"0.000127";
"SERVER";"OBTER_DESCRICAO_POR_ISBN";"1367769280.158383";"1367769280.158393";"0.000010";
"CLIENT";"OBTER_DESCRICAO_POR_ISBN";"1367769280.158345";"1367769280.158462";"0.000117";
"SERVER";"OBTER_DESCRICAO_POR_ISBN";"1367769280.185964";"1367769280.185971";"0.000007";
"CLIENT";"OBTER_DESCRICAO_POR_ISBN";"1367769280.185936";"1367769280.186024";"0.000088";
"SERVER";"OBTER_DESCRICAO_POR_ISBN";"1367769280.234606";"1367769280.234616";"0.000010";
"CLIENT";"OBTER_DESCRICAO_POR_ISBN";"1367769280.234569";"1367769280.234686";"0.000117";
"SERVER";"OBTER_DESCRICAO_POR_ISBN";"1367769280.260178";"1367769280.260185";"0.000007";
"CLIENT";"OBTER_DESCRICAO_POR_ISBN";"1367769280.260137";"1367769280.260238";"0.000101";
"SERVER";"OBTER_DESCRICAO_POR_ISBN";"1367769280.286008";"1367769280.286015";"0.000007";
"CLIENT";"OBTER_DESCRICAO_POR_ISBN";"1367769280.285979";"1367769280.286068";"0.000089";
"SERVER";"OBTER_DESCRICAO_POR_ISBN";"1367769280.314018";"1367769280.314025";"0.000007";
"CLIENT";"OBTER_DESCRICAO_POR_ISBN";"1367769280.313989";"1367769280.314077";"0.000088";
"SERVER";"OBTER_DESCRICAO_POR_ISBN";"1367769280.341023";"1367769280.341031";"0.000008";
"CLIENT";"OBTER_DESCRICAO_POR_ISBN";"1367769280.340995";"1367769280.341085";"0.000090";
"SERVER";"OBTER_DESCRICAO_POR_ISBN";"1367769280.367976";"1367769280.367986";"0.000010";
"CLIENT";"OBTER_DESCRICAO_POR_ISBN";"1367769280.367940";"1367769280.368054";"0.000114";
"SERVER";"OBTER_DESCRICAO_POR_ISBN";"1367769280.396074";"1367769280.396081";"0.000007";
"CLIENT";"OBTER_DESCRICAO_POR_ISBN";"1367769280.396046";"1367769280.396134";"0.000088";
"SERVER";"OBTER_DESCRICAO_POR_ISBN";"1367769280.432704";"1367769280.432711";"0.000007";
"CLIENT";"OBTER_DESCRICAO_POR_ISBN";"1367769280.432661";"1367769280.432765";"0.000104";
"SERVER";"OBTER_DESCRICAO_POR_ISBN";"1367769280.460515";"1367769280.460523";"0.000008";
"CLIENT";"OBTER_DESCRICAO_POR_ISBN";"1367769280.460474";"1367769280.460576";"0.000102";
"SERVER";"OBTER_DESCRICAO_POR_ISBN";"1367769280.486989";"1367769280.486996";"0.000007";
"CLIENT";"OBTER_DESCRICAO_POR_ISBN";"1367769280.486961";"1367769280.487048";"0.000087";
"SERVER";"OBTER_DESCRICAO_POR_ISBN";"1367769280.514178";"1367769280.514185";"0.000007";
"CLIENT";"OBTER_DESCRICAO_POR_ISBN";"1367769280.514135";"1367769280.514237";"0.000102";
"SERVER";"OBTER_DESCRICAO_POR_ISBN";"1367769280.540735";"1367769280.540742";"0.000007";
"CLIENT";"OBTER_DESCRICAO_POR_ISBN";"1367769280.540692";"1367769280.540795";"0.000103";
"SERVER";"OBTER_DESCRICAO_POR_ISBN";"1367769280.567013";"1367769280.567020";"0.000007";
"CLIENT";"OBTER_DESCRICAO_POR_ISBN";"1367769280.566985";"1367769280.567074";"0.000089";
"SERVER";"OBTER_DESCRICAO_POR_ISBN";"1367769280.594243";"1367769280.594255";"0.000012";
"CLIENT";"OBTER_DESCRICAO_POR_ISBN";"1367769280.594206";"1367769280.594323";"0.000117";
"SERVER";"OBTER_DESCRICAO_POR_ISBN";"1367769280.642700";"1367769280.642710";"0.000010";
"CLIENT";"OBTER_DESCRICAO_POR_ISBN";"1367769280.642669";"1367769280.642766";"0.000097";
"SERVER";"OBTER_DESCRICAO_POR_ISBN";"1367769280.674333";"1367769280.674343";"0.000010";
"CLIENT";"OBTER_DESCRICAO_POR_ISBN";"1367769280.674292";"1367769280.674396";"0.000104";
"SERVER";"OBTER_DESCRICAO_POR_ISBN";"1367769280.699588";"1367769280.699601";"0.000013";
"CLIENT";"OBTER_DESCRICAO_POR_ISBN";"1367769280.699552";"1367769280.699681";"0.000129";
"SERVER";"OBTER_LIVRO_POR_ISBN";"1367769280.724551";"1367769280.724559";"0.000008";
"CLIENT";"OBTER_LIVRO_POR_ISBN";"1367769280.724509";"1367769280.724701";"0.000192";
"SERVER";"OBTER_LIVRO_POR_ISBN";"1367769280.748970";"1367769280.748982";"0.000012";
"CLIENT";"OBTER_LIVRO_POR_ISBN";"1367769280.748934";"1367769280.749161";"0.000227";
"SERVER";"OBTER_LIVRO_POR_ISBN";"1367769280.774995";"1367769280.775007";"0.000012";
"CLIENT";"OBTER_LIVRO_POR_ISBN";"1367769280.774959";"1367769280.775229";"0.000270";
"SERVER";"OBTER_LIVRO_POR_ISBN";"1367769280.801180";"1367769280.801188";"0.000008";
"CLIENT";"OBTER_LIVRO_POR_ISBN";"1367769280.801138";"1367769280.801390";"0.000252";
"SERVER";"OBTER_LIVRO_POR_ISBN";"1367769280.834997";"1367769280.835006";"0.000009";
"CLIENT";"OBTER_LIVRO_POR_ISBN";"1367769280.834970";"1367769280.835210";"0.000240";
"SERVER";"OBTER_LIVRO_POR_ISBN";"1367769280.866228";"1367769280.866236";"0.000008";
"CLIENT";"OBTER_LIVRO_POR_ISBN";"1367769280.866186";"1367769280.866375";"0.000189";
"SERVER";"OBTER_LIVRO_POR_ISBN";"1367769280.899530";"1367769280.899544";"0.000014";
"CLIENT";"OBTER_LIVRO_POR_ISBN";"1367769280.899485";"1367769280.899671";"0.000186";
"SERVER";"OBTER_LIVRO_POR_ISBN";"1367769280.926597";"1367769280.926609";"0.000012";
"CLIENT";"OBTER_LIVRO_POR_ISBN";"1367769280.926559";"1367769280.926781";"0.000222";
"SERVER";"OBTER_LIVRO_POR_ISBN";"1367769280.951959";"1367769280.951970";"0.000011";
"CLIENT";"OBTER_LIVRO_POR_ISBN";"1367769280.951922";"1367769280.952140";"0.000218";
"SERVER";"OBTER_LIVRO_POR_ISBN";"1367769280.977932";"1367769280.977944";"0.000012";
"CLIENT";"OBTER_LIVRO_POR_ISBN";"1367769280.977859";"1367769280.978117";"0.000258";
"SERVER";"OBTER_LIVRO_POR_ISBN";"1367769281.003953";"1367769281.003967";"0.000014";
"CLIENT";"OBTER_LIVRO_POR_ISBN";"1367769281.003924";"1367769281.004081";"0.000157";
"SERVER";"OBTER_LIVRO_POR_ISBN";"1367769281.030980";"1367769281.031000";"0.000020";
"CLIENT";"OBTER_LIVRO_POR_ISBN";"1367769281.030941";"1367769281.031140";"0.000199";
"SERVER";"OBTER_LIVRO_POR_ISBN";"1367769281.058237";"1367769281.058247";"0.000010";
"CLIENT";"OBTER_LIVRO_POR_ISBN";"1367769281.058196";"1367769281.058400";"0.000204";
"SERVER";"OBTER_LIVRO_POR_ISBN";"1367769281.100246";"1367769281.100258";"0.000012";
"CLIENT";"OBTER_LIVRO_POR_ISBN";"1367769281.100209";"1367769281.100442";"0.000233";
"SERVER";"OBTER_LIVRO_POR_ISBN";"1367769281.127894";"1367769281.127904";"0.000010";
"CLIENT";"OBTER_LIVRO_POR_ISBN";"1367769281.127852";"1367769281.128105";"0.000253";
"SERVER";"OBTER_LIVRO_POR_ISBN";"1367769281.155170";"1367769281.155179";"0.000009";
"CLIENT";"OBTER_LIVRO_POR_ISBN";"1367769281.155128";"1367769281.155322";"0.000194";
"SERVER";"OBTER_LIVRO_POR_ISBN";"1367769281.188312";"1367769281.188323";"0.000011";
"CLIENT";"OBTER_LIVRO_POR_ISBN";"1367769281.188274";"1367769281.188499";"0.000225";
"SERVER";"OBTER_LIVRO_POR_ISBN";"1367769281.214375";"1367769281.214384";"0.000009";
"CLIENT";"OBTER_LIVRO_POR_ISBN";"1367769281.214332";"1367769281.214514";"0.000182";
"SERVER";"OBTER_LIVRO_POR_ISBN";"1367769281.239898";"1367769281.239911";"0.000013";
"CLIENT";"OBTER_LIVRO_POR_ISBN";"1367769281.239851";"1367769281.240179";"0.000328";
"SERVER";"OBTER_LIVRO_POR_ISBN";"1367769281.265900";"1367769281.265910";"0.000010";
"CLIENT";"OBTER_LIVRO_POR_ISBN";"1367769281.265851";"1367769281.266057";"0.000206";
"SERVER";"OBTER_LIVRO_POR_ISBN";"1367769281.293805";"1367769281.293814";"0.000009";
"CLIENT";"OBTER_LIVRO_POR_ISBN";"1367769281.293764";"1367769281.294084";"0.000320";
"SERVER";"OBTER_LIVRO_POR_ISBN";"1367769281.322034";"1367769281.322043";"0.000009";
"CLIENT";"OBTER_LIVRO_POR_ISBN";"1367769281.322007";"1367769281.322179";"0.000172";
"SERVER";"OBTER_LIVRO_POR_ISBN";"1367769281.358024";"1367769281.358037";"0.000013";
"CLIENT";"OBTER_LIVRO_POR_ISBN";"1367769281.357988";"1367769281.358188";"0.000200";
"SERVER";"OBTER_LIVRO_POR_ISBN";"1367769281.386924";"1367769281.386933";"0.000009";
"CLIENT";"OBTER_LIVRO_POR_ISBN";"1367769281.386895";"1367769281.387071";"0.000176";
"SERVER";"OBTER_LIVRO_POR_ISBN";"1367769281.414118";"1367769281.414127";"0.000009";
"CLIENT";"OBTER_LIVRO_POR_ISBN";"1367769281.414077";"1367769281.414325";"0.000248";
"SERVER";"OBTER_LIVRO_POR_ISBN";"1367769281.438888";"1367769281.438898";"0.000010";
"CLIENT";"OBTER_LIVRO_POR_ISBN";"1367769281.438841";"1367769281.439041";"0.000200";
"SERVER";"OBTER_LIVRO_POR_ISBN";"1367769281.464909";"1367769281.464922";"0.000013";
"CLIENT";"OBTER_LIVRO_POR_ISBN";"1367769281.464847";"1367769281.465100";"0.000253";
"SERVER";"OBTER_LIVRO_POR_ISBN";"1367769281.490915";"1367769281.490927";"0.000012";
"CLIENT";"OBTER_LIVRO_POR_ISBN";"1367769281.490860";"1367769281.491104";"0.000244";
"SERVER";"OBTER_LIVRO_POR_ISBN";"1367769281.527793";"1367769281.527802";"0.000009";
"CLIENT";"OBTER_LIVRO_POR_ISBN";"1367769281.527752";"1367769281.528014";"0.000262";
"SERVER";"OBTER_LIVRO_POR_ISBN";"1367769281.554252";"1367769281.554261";"0.000009";
"CLIENT";"OBTER_LIVRO_POR_ISBN";"1367769281.554211";"1367769281.554466";"0.000255";
"SERVER";"OBTER_LIVRO_POR_ISBN";"1367769281.580253";"1367769281.580263";"0.000010";
"CLIENT";"OBTER_LIVRO_POR_ISBN";"1367769281.580211";"1367769281.580404";"0.000193";
"SERVER";"OBTER_LIVRO_POR_ISBN";"1367769281.605869";"1367769281.605888";"0.000019";
"CLIENT";"OBTER_LIVRO_POR_ISBN";"1367769281.605828";"1367769281.606168";"0.000340";
"SERVER";"OBTER_LIVRO_POR_ISBN";"1367769281.631887";"1367769281.631896";"0.000009";
"CLIENT";"OBTER_LIVRO_POR_ISBN";"1367769281.631837";"1367769281.632039";"0.000202";
"SERVER";"OBTER_LIVRO_POR_ISBN";"1367769281.658889";"1367769281.658902";"0.000013";
"CLIENT";"OBTER_LIVRO_POR_ISBN";"1367769281.658842";"1367769281.659085";"0.000243";
"SERVER";"OBTER_LIVRO_POR_ISBN";"1367769281.685013";"1367769281.685023";"0.000010";
"CLIENT";"OBTER_LIVRO_POR_ISBN";"1367769281.684985";"1367769281.685226";"0.000241";
"SERVER";"OBTER_LIVRO_POR_ISBN";"1367769281.718898";"1367769281.718908";"0.000010";
"CLIENT";"OBTER_LIVRO_POR_ISBN";"1367769281.718850";"1367769281.719050";"0.000200";
"SERVER";"OBTER_LIVRO_POR_ISBN";"1367769281.747241";"1367769281.747250";"0.000009";
"CLIENT";"OBTER_LIVRO_POR_ISBN";"1367769281.747197";"1367769281.747396";"0.000199";
"SERVER";"OBTER_LIVRO_POR_ISBN";"1367769281.773920";"1367769281.773929";"0.000009";
"CLIENT";"OBTER_LIVRO_POR_ISBN";"1367769281.773892";"1367769281.774073";"0.000181";
"SERVER";"OBTER_LIVRO_POR_ISBN";"1367769281.804209";"1367769281.804219";"0.000010";
"CLIENT";"OBTER_LIVRO_POR_ISBN";"1367769281.804168";"1367769281.804425";"0.000257";
"SERVER";"OBTER_LIVRO_POR_ISBN";"1367769281.830870";"1367769281.830890";"0.000020";
"CLIENT";"OBTER_LIVRO_POR_ISBN";"1367769281.830829";"1367769281.831100";"0.000271";
"SERVER";"OBTER_LIVRO_POR_ISBN";"1367769281.856943";"1367769281.856953";"0.000010";
"CLIENT";"OBTER_LIVRO_POR_ISBN";"1367769281.856915";"1367769281.857092";"0.000177";
"SERVER";"OBTER_LIVRO_POR_ISBN";"1367769281.883907";"1367769281.883920";"0.000013";
"CLIENT";"OBTER_LIVRO_POR_ISBN";"1367769281.883844";"1367769281.884100";"0.000256";
"SERVER";"OBTER_LIVRO_POR_ISBN";"1367769281.909838";"1367769281.909850";"0.000012";
"CLIENT";"OBTER_LIVRO_POR_ISBN";"1367769281.909802";"1367769281.910130";"0.000328";
"SERVER";"OBTER_LIVRO_POR_ISBN";"1367769281.934855";"1367769281.934865";"0.000010";
"CLIENT";"OBTER_LIVRO_POR_ISBN";"1367769281.934814";"1367769281.935075";"0.000261";
"SERVER";"OBTER_LIVRO_POR_ISBN";"1367769281.974545";"1367769281.974555";"0.000010";
"CLIENT";"OBTER_LIVRO_POR_ISBN";"1367769281.974505";"1367769281.974702";"0.000197";
"SERVER";"OBTER_LIVRO_POR_ISBN";"1367769282.016040";"1367769282.016052";"0.000012";
"CLIENT";"OBTER_LIVRO_POR_ISBN";"1367769282.016003";"1367769282.016272";"0.000269";
"SERVER";"OBTER_LIVRO_POR_ISBN";"1367769282.045635";"1367769282.045645";"0.000010";
"CLIENT";"OBTER_LIVRO_POR_ISBN";"1367769282.045596";"1367769282.045670";"0.000074";
"SERVER";"OBTER_LIVRO_POR_ISBN";"1367769282.071850";"1367769282.071860";"0.000010";
"CLIENT";"OBTER_LIVRO_POR_ISBN";"1367769282.071812";"1367769282.071895";"0.000083";
"SERVER";"OBTER_LIVRO_POR_ISBN";"1367769282.095812";"1367769282.095822";"0.000010";
"CLIENT";"OBTER_LIVRO_POR_ISBN";"1367769282.095774";"1367769282.095846";"0.000072";
"SERVER";"OBTER_LIVRO_POR_ISBN";"1367769282.128916";"1367769282.128931";"0.000015";
"CLIENT";"OBTER_LIVRO_POR_ISBN";"1367769282.128857";"1367769282.128973";"0.000116";
"SERVER";"OBTER_TODOS_LIVROS";"1367769282.154821";"1367769282.157002";"0.002181";
"CLIENT";"OBTER_TODOS_LIVROS";"1367769282.154782";"1367769282.157277";"0.002495";
"SERVER";"OBTER_TODOS_LIVROS";"1367769282.182724";"1367769282.185043";"0.002319";
"CLIENT";"OBTER_TODOS_LIVROS";"1367769282.182681";"1367769282.185057";"0.002376";
"SERVER";"OBTER_TODOS_LIVROS";"1367769282.217600";"1367769282.221266";"0.003666";
"CLIENT";"OBTER_TODOS_LIVROS";"1367769282.217528";"1367769282.221499";"0.003971";
"SERVER";"OBTER_TODOS_LIVROS";"1367769282.254150";"1367769282.258973";"0.004823";
"CLIENT";"OBTER_TODOS_LIVROS";"1367769282.254077";"1367769282.259016";"0.004939";
"CLIENT";"OBTER_TODOS_LIVROS";"1367769282.285920";"1367769282.290487";"0.004567";
"SERVER";"OBTER_TODOS_LIVROS";"1367769282.286051";"1367769282.290532";"0.004481";
"SERVER";"OBTER_TODOS_LIVROS";"1367769282.316862";"1367769282.319498";"0.002636";
"CLIENT";"OBTER_TODOS_LIVROS";"1367769282.304295";"1367769282.320891";"0.016596";
"SERVER";"OBTER_TODOS_LIVROS";"1367769282.343762";"1367769282.347959";"0.004197";
"CLIENT";"OBTER_TODOS_LIVROS";"1367769282.343680";"1367769282.348268";"0.004588";
"CLIENT";"OBTER_TODOS_LIVROS";"1367769282.378232";"1367769282.381105";"0.002873";
"SERVER";"OBTER_TODOS_LIVROS";"1367769282.378375";"1367769282.381146";"0.002771";
"SERVER";"OBTER_TODOS_LIVROS";"1367769282.407670";"1367769282.410148";"0.002478";
"CLIENT";"OBTER_TODOS_LIVROS";"1367769282.394882";"1367769282.410152";"0.015270";
"CLIENT";"OBTER_TODOS_LIVROS";"1367769283.198214";"1367769283.202553";"0.004339";
"SERVER";"OBTER_TODOS_LIVROS";"1367769283.198293";"1367769283.202601";"0.004308";
"SERVER";"OBTER_TODOS_LIVROS";"1367769283.227993";"1367769283.231072";"0.003079";
"CLIENT";"OBTER_TODOS_LIVROS";"1367769283.215079";"1367769283.231076";"0.015997";
"SERVER";"OBTER_TODOS_LIVROS";"1367769283.258523";"1367769283.261241";"0.002718";
"CLIENT";"OBTER_TODOS_LIVROS";"1367769283.258362";"1367769283.261566";"0.003204";
"SERVER";"OBTER_TODOS_LIVROS";"1367769283.287270";"1367769283.289822";"0.002552";
"CLIENT";"OBTER_TODOS_LIVROS";"1367769283.287194";"1367769283.290550";"0.003356";
"CLIENT";"OBTER_TODOS_LIVROS";"1367769283.314749";"1367769283.321415";"0.006666";
"SERVER";"OBTER_TODOS_LIVROS";"1367769283.314826";"1367769283.321411";"0.006585";
"SERVER";"OBTER_TODOS_LIVROS";"1367769283.348559";"1367769283.351581";"0.003022";
"CLIENT";"OBTER_TODOS_LIVROS";"1367769283.335853";"1367769283.351888";"0.016035";
"SERVER";"OBTER_TODOS_LIVROS";"1367769283.378718";"1367769283.381365";"0.002647";
"CLIENT";"OBTER_TODOS_LIVROS";"1367769283.378628";"1367769283.383520";"0.004892";
"SERVER";"OBTER_TODOS_LIVROS";"1367769283.405724";"1367769283.407990";"0.002266";
"CLIENT";"OBTER_TODOS_LIVROS";"1367769283.405632";"1367769285.293938";"2.-111693";
"SERVER";"OBTER_TODOS_LIVROS";"1367769285.296710";"1367769285.299545";"0.002835";
"CLIENT";"OBTER_TODOS_LIVROS";"1367769285.296654";"1367769285.300395";"0.003741";
"SERVER";"OBTER_TODOS_LIVROS";"1367769285.325987";"1367769285.328188";"0.002201";
"CLIENT";"OBTER_TODOS_LIVROS";"1367769285.325952";"1367769285.329306";"0.003354";
"SERVER";"OBTER_TODOS_LIVROS";"1367769285.353924";"1367769285.356153";"0.002229";
"CLIENT";"OBTER_TODOS_LIVROS";"1367769285.353892";"1367769285.358081";"0.004189";
"SERVER";"OBTER_TODOS_LIVROS";"1367769285.382270";"1367769285.384838";"0.002568";
"CLIENT";"OBTER_TODOS_LIVROS";"1367769285.382171";"1367769285.386285";"0.004114";
"SERVER";"OBTER_TODOS_LIVROS";"1367769285.409675";"1367769285.416016";"0.006341";
"CLIENT";"OBTER_TODOS_LIVROS";"1367769285.409578";"1367769285.416044";"0.006466";
"SERVER";"OBTER_TODOS_LIVROS";"1367769285.444079";"1367769285.449710";"0.005631";
"CLIENT";"OBTER_TODOS_LIVROS";"1367769285.444007";"1367769285.449717";"0.005710";
"SERVER";"OBTER_TODOS_LIVROS";"1367769285.477470";"1367769285.479843";"0.002373";
"CLIENT";"OBTER_TODOS_LIVROS";"1367769285.477428";"1367769285.479845";"0.002417";
"SERVER";"OBTER_TODOS_LIVROS";"1367769285.505560";"1367769285.507825";"0.002265";
"CLIENT";"OBTER_TODOS_LIVROS";"1367769285.505464";"1367769287.081778";"2.-423685";
"SERVER";"OBTER_TODOS_LIVROS";"1367769287.094950";"1367769287.097759";"0.002809";
"CLIENT";"OBTER_TODOS_LIVROS";"1367769287.094903";"1367769287.097808";"0.002905";
"SERVER";"OBTER_TODOS_LIVROS";"1367769287.127205";"1367769287.129609";"0.002404";
"CLIENT";"OBTER_TODOS_LIVROS";"1367769287.127164";"1367769287.130575";"0.003411";
"SERVER";"OBTER_TODOS_LIVROS";"1367769287.158564";"1367769287.160983";"0.002419";
"CLIENT";"OBTER_TODOS_LIVROS";"1367769287.158471";"1367769287.163013";"0.004542";
"SERVER";"OBTER_TODOS_LIVROS";"1367769287.189454";"1367769287.191882";"0.002428";
"CLIENT";"OBTER_TODOS_LIVROS";"1367769287.189358";"1367769287.193419";"0.004061";
"SERVER";"OBTER_TODOS_LIVROS";"1367769287.218326";"1367769287.220794";"0.002468";
"CLIENT";"OBTER_TODOS_LIVROS";"1367769287.218237";"1367769287.222217";"0.003980";
"SERVER";"OBTER_TODOS_LIVROS";"1367769287.245455";"1367769287.248032";"0.002577";
"CLIENT";"OBTER_TODOS_LIVROS";"1367769287.245379";"1367769287.250853";"0.005474";
"SERVER";"OBTER_TODOS_LIVROS";"1367769287.274455";"1367769287.276998";"0.002543";
"CLIENT";"OBTER_TODOS_LIVROS";"1367769287.274380";"1367769287.277733";"0.003353";
"SERVER";"OBTER_TODOS_LIVROS";"1367769287.301932";"1367769287.305985";"0.004053";
"CLIENT";"OBTER_TODOS_LIVROS";"1367769287.301841";"1367769287.306744";"0.004903";
"SERVER";"OBTER_TODOS_LIVROS";"1367769287.338611";"1367769287.340905";"0.002294";
"CLIENT";"OBTER_TODOS_LIVROS";"1367769287.338516";"1367769287.343004";"0.004488";
"SERVER";"OBTER_TODOS_LIVROS";"1367769287.367265";"1367769287.369508";"0.002243";
"CLIENT";"OBTER_TODOS_LIVROS";"1367769287.367165";"1367769289.016319";"2.-350845";
"CLIENT";"OBTER_TODOS_LIVROS";"1367769289.030164";"1367769289.036461";"0.006297";
"SERVER";"OBTER_TODOS_LIVROS";"1367769289.030267";"1367769289.036470";"0.006203";
"SERVER";"OBTER_TODOS_LIVROS";"1367769289.064594";"1367769289.066936";"0.002342";
"CLIENT";"OBTER_TODOS_LIVROS";"1367769289.050312";"1367769289.068439";"0.018127";
"SERVER";"OBTER_TODOS_LIVROS";"1367769289.095222";"1367769289.098965";"0.003743";
"CLIENT";"OBTER_TODOS_LIVROS";"1367769289.095078";"1367769289.099237";"0.004159";
"SERVER";"OBTER_TODOS_LIVROS";"1367769289.123329";"1367769289.129085";"0.005756";
"CLIENT";"OBTER_TODOS_LIVROS";"1367769289.123241";"1367769289.129089";"0.005848";
"SERVER";"OBTER_TODOS_LIVROS";"1367769289.154296";"1367769289.157054";"0.002758";
"CLIENT";"OBTER_TODOS_LIVROS";"1367769289.154217";"1367769289.158216";"0.003999";
"SERVER";"OBTER_TODOS_LIVROS";"1367769289.182454";"1367769289.187670";"0.005216";
"CLIENT";"OBTER_TODOS_LIVROS";"1367769289.182374";"1367769289.188070";"0.005696";
"SERVER";"OBTER_TODOS_LIVROS";"1367769289.217751";"1367769289.223690";"0.005939";
"CLIENT";"OBTER_TODOS_LIVROS";"1367769289.217672";"1367769289.223710";"0.006038";
"SERVER";"OBTER_TODOS_LIVROS";"1367769289.251695";"1367769289.257419";"0.005724";
"CLIENT";"OBTER_TODOS_LIVROS";"1367769289.251618";"1367769289.257454";"0.005836";
"SERVER";"OBTER_TODOS_LIVROS";"1367769289.284640";"1367769289.287460";"0.002820";
"CLIENT";"OBTER_TODOS_LIVROS";"1367769289.284564";"1367769289.288231";"0.003667";
"SERVER";"OBTER_TODOS_LIVROS";"1367769289.313239";"1367769289.315502";"0.002263";
"CLIENT";"OBTER_TODOS_LIVROS";"1367769289.313141";"1367769291.994883";"2.681742";
"SERVER";"OBTER_TODOS_LIVROS";"1367769291.996709";"1367769291.999516";"0.002807";
"CLIENT";"OBTER_TODOS_LIVROS";"1367769291.996648";"1367769292.001019";"1.-995628";
"SERVER";"OBTER_TODOS_LIVROS";"1367769292.024570";"1367769292.027133";"0.002563";
"CLIENT";"OBTER_TODOS_LIVROS";"1367769292.024497";"1367769292.028391";"0.003894";
"SERVER";"OBTER_TODOS_LIVROS";"1367769292.052048";"1367769292.055702";"0.003654";
"CLIENT";"OBTER_TODOS_LIVROS";"1367769292.051969";"1367769292.056656";"0.004687";
"SERVER";"OBTER_TODOS_LIVROS";"1367769292.081051";"1367769292.086650";"0.005599";
"CLIENT";"OBTER_TODOS_LIVROS";"1367769292.080973";"1367769292.086644";"0.005671";
"SERVER";"OBTER_TODOS_LIVROS";"1367769292.113956";"1367769292.119547";"0.005591";
"CLIENT";"OBTER_TODOS_LIVROS";"1367769292.113879";"1367769292.119566";"0.005687";
"SERVER";"ALTERAR_NR_EXEMPLARES_ESTOQUE";"1367769292.148961";"1367769292.164920";"0.015959";
"CLIENT";"ALTERAR_NR_EXEMPLARES_ESTOQUE";"1367769292.148851";"1367769292.164934";"0.016083";
"SERVER";"ALTERAR_NR_EXEMPLARES_ESTOQUE";"1367769292.180076";"1367769292.193823";"0.013747";
"CLIENT";"ALTERAR_NR_EXEMPLARES_ESTOQUE";"1367769292.179968";"1367769292.193837";"0.013869";
"SERVER";"ALTERAR_NR_EXEMPLARES_ESTOQUE";"1367769292.208082";"1367769292.222082";"0.014000";
"CLIENT";"ALTERAR_NR_EXEMPLARES_ESTOQUE";"1367769292.207974";"1367769292.222096";"0.014122";
"SERVER";"ALTERAR_NR_EXEMPLARES_ESTOQUE";"1367769292.238087";"1367769292.251783";"0.013696";
"CLIENT";"ALTERAR_NR_EXEMPLARES_ESTOQUE";"1367769292.237980";"1367769292.251797";"0.013817";
"SERVER";"ALTERAR_NR_EXEMPLARES_ESTOQUE";"1367769292.266192";"1367769292.280340";"0.014148";
"CLIENT";"ALTERAR_NR_EXEMPLARES_ESTOQUE";"1367769292.266080";"1367769292.280354";"0.014274";
"SERVER";"ALTERAR_NR_EXEMPLARES_ESTOQUE";"1367769292.296406";"1367769292.310544";"0.014138";
"CLIENT";"ALTERAR_NR_EXEMPLARES_ESTOQUE";"1367769292.296320";"1367769292.310558";"0.014238";
"SERVER";"ALTERAR_NR_EXEMPLARES_ESTOQUE";"1367769292.326994";"1367769292.340797";"0.013803";
"CLIENT";"ALTERAR_NR_EXEMPLARES_ESTOQUE";"1367769292.326887";"1367769292.340810";"0.013923";
"SERVER";"ALTERAR_NR_EXEMPLARES_ESTOQUE";"1367769292.356042";"1367769292.371948";"0.015906";
"CLIENT";"ALTERAR_NR_EXEMPLARES_ESTOQUE";"1367769292.355935";"1367769292.371962";"0.016027";
"SERVER";"ALTERAR_NR_EXEMPLARES_ESTOQUE";"1367769292.387676";"1367769292.405796";"0.018120";
"CLIENT";"ALTERAR_NR_EXEMPLARES_ESTOQUE";"1367769292.387569";"1367769292.405809";"0.018240";
"SERVER";"ALTERAR_NR_EXEMPLARES_ESTOQUE";"1367769292.421047";"1367769292.439442";"0.018395";
"CLIENT";"ALTERAR_NR_EXEMPLARES_ESTOQUE";"1367769292.420939";"1367769292.439456";"0.018517";
"SERVER";"ALTERAR_NR_EXEMPLARES_ESTOQUE";"1367769292.456401";"1367769292.472442";"0.016041";
"CLIENT";"ALTERAR_NR_EXEMPLARES_ESTOQUE";"1367769292.456320";"1367769292.472456";"0.016136";
"SERVER";"ALTERAR_NR_EXEMPLARES_ESTOQUE";"1367769292.489378";"1367769292.505140";"0.015762";
"CLIENT";"ALTERAR_NR_EXEMPLARES_ESTOQUE";"1367769292.489290";"1367769292.505154";"0.015864";
"SERVER";"ALTERAR_NR_EXEMPLARES_ESTOQUE";"1367769292.521468";"1367769292.535841";"0.014373";
"CLIENT";"ALTERAR_NR_EXEMPLARES_ESTOQUE";"1367769292.521360";"1367769292.535855";"0.014495";
"SERVER";"ALTERAR_NR_EXEMPLARES_ESTOQUE";"1367769292.551647";"1367769292.565820";"0.014173";
"CLIENT";"ALTERAR_NR_EXEMPLARES_ESTOQUE";"1367769292.551541";"1367769292.565834";"0.014293";
"SERVER";"ALTERAR_NR_EXEMPLARES_ESTOQUE";"1367769292.581123";"1367769292.597879";"0.016756";
"CLIENT";"ALTERAR_NR_EXEMPLARES_ESTOQUE";"1367769292.581017";"1367769292.597902";"0.016885";
"SERVER";"ALTERAR_NR_EXEMPLARES_ESTOQUE";"1367769292.614327";"1367769292.629372";"0.015045";
"CLIENT";"ALTERAR_NR_EXEMPLARES_ESTOQUE";"1367769292.614233";"1367769292.629386";"0.015153";
"SERVER";"ALTERAR_NR_EXEMPLARES_ESTOQUE";"1367769292.647103";"1367769292.669807";"0.022704";
"CLIENT";"ALTERAR_NR_EXEMPLARES_ESTOQUE";"1367769292.647020";"1367769292.669821";"0.022801";
"SERVER";"ALTERAR_NR_EXEMPLARES_ESTOQUE";"1367769292.686045";"1367769292.701808";"0.015763";
"CLIENT";"ALTERAR_NR_EXEMPLARES_ESTOQUE";"1367769292.685964";"1367769292.701823";"0.015859";
"SERVER";"ALTERAR_NR_EXEMPLARES_ESTOQUE";"1367769292.718062";"1367769292.733009";"0.014947";
"CLIENT";"ALTERAR_NR_EXEMPLARES_ESTOQUE";"1367769292.717954";"1367769292.733023";"0.015069";
"SERVER";"ALTERAR_NR_EXEMPLARES_ESTOQUE";"1367769292.750910";"1367769292.764760";"0.013850";
"CLIENT";"ALTERAR_NR_EXEMPLARES_ESTOQUE";"1367769292.750782";"1367769292.764774";"0.013992";
"SERVER";"ALTERAR_NR_EXEMPLARES_ESTOQUE";"1367769292.781292";"1367769292.796861";"0.015569";
"CLIENT";"ALTERAR_NR_EXEMPLARES_ESTOQUE";"1367769292.781183";"1367769292.796883";"0.015700";
"SERVER";"ALTERAR_NR_EXEMPLARES_ESTOQUE";"1367769292.820071";"1367769292.835902";"0.015831";
"CLIENT";"ALTERAR_NR_EXEMPLARES_ESTOQUE";"1367769292.819987";"1367769292.835916";"0.015929";
"SERVER";"ALTERAR_NR_EXEMPLARES_ESTOQUE";"1367769292.854088";"1367769292.868747";"0.014659";
"CLIENT";"ALTERAR_NR_EXEMPLARES_ESTOQUE";"1367769292.854004";"1367769292.868761";"0.014757";
"SERVER";"ALTERAR_NR_EXEMPLARES_ESTOQUE";"1367769292.884143";"1367769292.900450";"0.016307";
"CLIENT";"ALTERAR_NR_EXEMPLARES_ESTOQUE";"1367769292.884079";"1367769292.900463";"0.016384";
"SERVER";"ALTERAR_NR_EXEMPLARES_ESTOQUE";"1367769292.916989";"1367769292.931752";"0.014763";
"CLIENT";"ALTERAR_NR_EXEMPLARES_ESTOQUE";"1367769292.916906";"1367769292.931766";"0.014860";
"SERVER";"ALTERAR_NR_EXEMPLARES_ESTOQUE";"1367769292.947345";"1367769292.962700";"0.015355";
"CLIENT";"ALTERAR_NR_EXEMPLARES_ESTOQUE";"1367769292.947281";"1367769292.962714";"0.015433";
"SERVER";"ALTERAR_NR_EXEMPLARES_ESTOQUE";"1367769292.980076";"1367769292.995153";"0.015077";
"CLIENT";"ALTERAR_NR_EXEMPLARES_ESTOQUE";"1367769292.979992";"1367769292.995167";"0.015175";
"SERVER";"ALTERAR_NR_EXEMPLARES_ESTOQUE";"1367769293.028001";"1367769293.041779";"0.013778";
"CLIENT";"ALTERAR_NR_EXEMPLARES_ESTOQUE";"1367769293.027917";"1367769293.041793";"0.013876";
"SERVER";"ALTERAR_NR_EXEMPLARES_ESTOQUE";"1367769293.057960";"1367769293.072980";"0.015020";
"CLIENT";"ALTERAR_NR_EXEMPLARES_ESTOQUE";"1367769293.057849";"1367769293.072993";"0.015144";
"SERVER";"ALTERAR_NR_EXEMPLARES_ESTOQUE";"1367769293.088002";"1367769293.102895";"0.014893";
"CLIENT";"ALTERAR_NR_EXEMPLARES_ESTOQUE";"1367769293.087913";"1367769293.102911";"0.014998";
"SERVER";"ALTERAR_NR_EXEMPLARES_ESTOQUE";"1367769293.123651";"1367769293.141625";"0.017974";
"CLIENT";"ALTERAR_NR_EXEMPLARES_ESTOQUE";"1367769293.123562";"1367769293.141639";"0.018077";
"SERVER";"ALTERAR_NR_EXEMPLARES_ESTOQUE";"1367769293.171059";"1367769293.211668";"0.040609";
"CLIENT";"ALTERAR_NR_EXEMPLARES_ESTOQUE";"1367769293.170975";"1367769293.211682";"0.040707";
"SERVER";"ALTERAR_NR_EXEMPLARES_ESTOQUE";"1367769293.235976";"1367769293.250704";"0.014728";
"CLIENT";"ALTERAR_NR_EXEMPLARES_ESTOQUE";"1367769293.235936";"1367769293.250718";"0.014782";
"SERVER";"ALTERAR_NR_EXEMPLARES_ESTOQUE";"1367769293.267043";"1367769293.281805";"0.014762";
"CLIENT";"ALTERAR_NR_EXEMPLARES_ESTOQUE";"1367769293.267002";"1367769293.281819";"0.014817";
"SERVER";"ALTERAR_NR_EXEMPLARES_ESTOQUE";"1367769293.298073";"1367769293.312708";"0.014635";
"CLIENT";"ALTERAR_NR_EXEMPLARES_ESTOQUE";"1367769293.298033";"1367769293.312722";"0.014689";
"SERVER";"ALTERAR_NR_EXEMPLARES_ESTOQUE";"1367769293.328818";"1367769293.359540";"0.030722";
"CLIENT";"ALTERAR_NR_EXEMPLARES_ESTOQUE";"1367769293.328787";"1367769293.359553";"0.030766";
"SERVER";"ALTERAR_NR_EXEMPLARES_ESTOQUE";"1367769293.379962";"1367769293.398024";"0.018062";
"CLIENT";"ALTERAR_NR_EXEMPLARES_ESTOQUE";"1367769293.379922";"1367769293.398038";"0.018116";
"SERVER";"ALTERAR_NR_EXEMPLARES_ESTOQUE";"1367769293.414638";"1367769293.428678";"0.014040";
"CLIENT";"ALTERAR_NR_EXEMPLARES_ESTOQUE";"1367769293.414598";"1367769293.428692";"0.014094";
"SERVER";"ALTERAR_NR_EXEMPLARES_ESTOQUE";"1367769293.443839";"1367769293.457683";"0.013844";
"CLIENT";"ALTERAR_NR_EXEMPLARES_ESTOQUE";"1367769293.443808";"1367769293.457697";"0.013889";
"SERVER";"ALTERAR_NR_EXEMPLARES_ESTOQUE";"1367769293.476416";"1367769293.490681";"0.014265";
"CLIENT";"ALTERAR_NR_EXEMPLARES_ESTOQUE";"1367769293.476374";"1367769293.490695";"0.014321";
"SERVER";"ALTERAR_NR_EXEMPLARES_ESTOQUE";"1367769293.506848";"1367769293.520684";"0.013836";
"CLIENT";"ALTERAR_NR_EXEMPLARES_ESTOQUE";"1367769293.506816";"1367769293.520697";"0.013881";
"SERVER";"ALTERAR_NR_EXEMPLARES_ESTOQUE";"1367769293.539599";"1367769293.554982";"0.015383";
"CLIENT";"ALTERAR_NR_EXEMPLARES_ESTOQUE";"1367769293.539558";"1367769293.554996";"0.015438";
"SERVER";"ALTERAR_NR_EXEMPLARES_ESTOQUE";"1367769293.574010";"1367769293.587680";"0.013670";
"CLIENT";"ALTERAR_NR_EXEMPLARES_ESTOQUE";"1367769293.573969";"1367769293.587694";"0.013725";
"SERVER";"ALTERAR_NR_EXEMPLARES_ESTOQUE";"1367769293.603841";"1367769293.617683";"0.013842";
"CLIENT";"ALTERAR_NR_EXEMPLARES_ESTOQUE";"1367769293.603810";"1367769293.617696";"0.013886";
"SERVER";"ALTERAR_NR_EXEMPLARES_ESTOQUE";"1367769293.634142";"1367769293.648686";"0.014544";
"CLIENT";"ALTERAR_NR_EXEMPLARES_ESTOQUE";"1367769293.634111";"1367769293.648699";"0.014588";
"SERVER";"ALTERAR_NR_EXEMPLARES_ESTOQUE";"1367769293.668813";"1367769293.683083";"0.014270";
"CLIENT";"ALTERAR_NR_EXEMPLARES_ESTOQUE";"1367769293.668774";"1367769293.683096";"0.014322";
"SERVER";"ALTERAR_NR_EXEMPLARES_ESTOQUE";"1367769293.700296";"1367769293.700656";"0.000360";
"CLIENT";"ALTERAR_NR_EXEMPLARES_ESTOQUE";"1367769293.700256";"1367769293.700684";"0.000428";
"SERVER";"ALTERAR_NR_EXEMPLARES_ESTOQUE";"1367769293.754915";"1367769293.755244";"0.000329";
"CLIENT";"ALTERAR_NR_EXEMPLARES_ESTOQUE";"1367769293.754862";"1367769293.755294";"0.000432";
"SERVER";"ALTERAR_NR_EXEMPLARES_ESTOQUE";"1367769293.786206";"1367769293.786567";"0.000361";
"CLIENT";"ALTERAR_NR_EXEMPLARES_ESTOQUE";"1367769293.786175";"1367769293.786632";"0.000457";
"SERVER";"ALTERAR_NR_EXEMPLARES_ESTOQUE";"1367769293.814860";"1367769293.815225";"0.000365";
"CLIENT";"ALTERAR_NR_EXEMPLARES_ESTOQUE";"1367769293.814830";"1367769293.815251";"0.000421";
"CLIENT";"OBTER_NR_EXEMPLARES_ESTOQUE";"1367769293.842785";"1367769293.843240";"0.000455";
"SERVER";"OBTER_NR_EXEMPLARES_ESTOQUE";"1367769293.842814";"1367769293.843268";"0.000454";
"SERVER";"OBTER_NR_EXEMPLARES_ESTOQUE";"1367769293.877539";"1367769293.877562";"0.000023";
"CLIENT";"OBTER_NR_EXEMPLARES_ESTOQUE";"1367769293.857901";"1367769293.877573";"0.019672";
"CLIENT";"OBTER_NR_EXEMPLARES_ESTOQUE";"1367769293.905078";"1367769293.905239";"0.000161";
"SERVER";"OBTER_NR_EXEMPLARES_ESTOQUE";"1367769293.905194";"1367769293.905284";"0.000090";
"SERVER";"OBTER_NR_EXEMPLARES_ESTOQUE";"1367769293.932802";"1367769293.932825";"0.000023";
"CLIENT";"OBTER_NR_EXEMPLARES_ESTOQUE";"1367769293.919694";"1367769293.932838";"0.013144";
"CLIENT";"OBTER_NR_EXEMPLARES_ESTOQUE";"1367769293.966059";"1367769293.966216";"0.000157";
"SERVER";"OBTER_NR_EXEMPLARES_ESTOQUE";"1367769293.966149";"1367769293.966238";"0.000089";
"SERVER";"OBTER_NR_EXEMPLARES_ESTOQUE";"1367769294.004941";"1367769294.004964";"0.000023";
"CLIENT";"OBTER_NR_EXEMPLARES_ESTOQUE";"1367769293.981847";"1367769294.004976";"1.-976870";
"CLIENT";"OBTER_NR_EXEMPLARES_ESTOQUE";"1367769294.036749";"1367769294.036935";"0.000186";
"SERVER";"OBTER_NR_EXEMPLARES_ESTOQUE";"1367769294.036835";"1367769294.036965";"0.000130";
"SERVER";"OBTER_NR_EXEMPLARES_ESTOQUE";"1367769294.064645";"1367769294.064667";"0.000022";
"CLIENT";"OBTER_NR_EXEMPLARES_ESTOQUE";"1367769294.051685";"1367769294.064679";"0.012994";
"CLIENT";"OBTER_NR_EXEMPLARES_ESTOQUE";"1367769294.094359";"1367769294.094514";"0.000155";
"SERVER";"OBTER_NR_EXEMPLARES_ESTOQUE";"1367769294.094446";"1367769294.094537";"0.000091";
"SERVER";"OBTER_NR_EXEMPLARES_ESTOQUE";"1367769294.121929";"1367769294.121957";"0.000028";
"CLIENT";"OBTER_NR_EXEMPLARES_ESTOQUE";"1367769294.108647";"1367769294.121972";"0.013325";
"CLIENT";"OBTER_NR_EXEMPLARES_ESTOQUE";"1367769294.149673";"1367769294.149830";"0.000157";
"SERVER";"OBTER_NR_EXEMPLARES_ESTOQUE";"1367769294.149763";"1367769294.149861";"0.000098";
"SERVER";"OBTER_NR_EXEMPLARES_ESTOQUE";"1367769294.177470";"1367769294.177493";"0.000023";
"CLIENT";"OBTER_NR_EXEMPLARES_ESTOQUE";"1367769294.163764";"1367769294.177505";"0.013741";
"CLIENT";"OBTER_NR_EXEMPLARES_ESTOQUE";"1367769294.205038";"1367769294.205208";"0.000170";
"SERVER";"OBTER_NR_EXEMPLARES_ESTOQUE";"1367769294.205163";"1367769294.205231";"0.000068";
"SERVER";"OBTER_NR_EXEMPLARES_ESTOQUE";"1367769294.234034";"1367769294.234056";"0.000022";
"CLIENT";"OBTER_NR_EXEMPLARES_ESTOQUE";"1367769294.220127";"1367769294.234068";"0.013941";
"CLIENT";"OBTER_NR_EXEMPLARES_ESTOQUE";"1367769294.261700";"1367769294.261849";"0.000149";
"SERVER";"OBTER_NR_EXEMPLARES_ESTOQUE";"1367769294.261791";"1367769294.261892";"0.000101";
"SERVER";"OBTER_NR_EXEMPLARES_ESTOQUE";"1367769294.288350";"1367769294.288372";"0.000022";
"CLIENT";"OBTER_NR_EXEMPLARES_ESTOQUE";"1367769294.274742";"1367769294.288383";"0.013641";
"CLIENT";"OBTER_NR_EXEMPLARES_ESTOQUE";"1367769294.316215";"1367769294.316358";"0.000143";
"SERVER";"OBTER_NR_EXEMPLARES_ESTOQUE";"1367769294.316288";"1367769294.316387";"0.000099";
"SERVER";"OBTER_NR_EXEMPLARES_ESTOQUE";"1367769294.344612";"1367769294.344634";"0.000022";
"CLIENT";"OBTER_NR_EXEMPLARES_ESTOQUE";"1367769294.331002";"1367769294.344646";"0.013644";
"CLIENT";"OBTER_NR_EXEMPLARES_ESTOQUE";"1367769294.374375";"1367769294.374524";"0.000149";
"SERVER";"OBTER_NR_EXEMPLARES_ESTOQUE";"1367769294.374462";"1367769294.374552";"0.000090";
"SERVER";"OBTER_NR_EXEMPLARES_ESTOQUE";"1367769294.402921";"1367769294.402944";"0.000023";
"CLIENT";"OBTER_NR_EXEMPLARES_ESTOQUE";"1367769294.389161";"1367769294.402956";"0.013795";
"CLIENT";"OBTER_NR_EXEMPLARES_ESTOQUE";"1367769294.432031";"1367769294.432158";"0.000127";
"SERVER";"OBTER_NR_EXEMPLARES_ESTOQUE";"1367769294.432104";"1367769294.432187";"0.000083";
"SERVER";"OBTER_NR_EXEMPLARES_ESTOQUE";"1367769294.484395";"1367769294.484418";"0.000023";
"CLIENT";"OBTER_NR_EXEMPLARES_ESTOQUE";"1367769294.457356";"1367769294.484431";"0.027075";
"CLIENT";"OBTER_NR_EXEMPLARES_ESTOQUE";"1367769294.514453";"1367769294.514597";"0.000144";
"SERVER";"OBTER_NR_EXEMPLARES_ESTOQUE";"1367769294.514527";"1367769294.514626";"0.000099";
"SERVER";"OBTER_NR_EXEMPLARES_ESTOQUE";"1367769294.541852";"1367769294.541888";"0.000036";
"CLIENT";"OBTER_NR_EXEMPLARES_ESTOQUE";"1367769294.528644";"1367769294.541902";"0.013258";
"CLIENT";"OBTER_NR_EXEMPLARES_ESTOQUE";"1367769294.569616";"1367769294.569760";"0.000144";
"SERVER";"OBTER_NR_EXEMPLARES_ESTOQUE";"1367769294.569690";"1367769294.569789";"0.000099";
"CLIENT";"OBTER_NR_EXEMPLARES_ESTOQUE";"1367769294.583660";"1367769294.596753";"0.013093";
"SERVER";"OBTER_NR_EXEMPLARES_ESTOQUE";"1367769294.596683";"1367769294.596774";"0.000091";
"CLIENT";"OBTER_NR_EXEMPLARES_ESTOQUE";"1367769294.610615";"1367769294.623693";"0.013078";
"SERVER";"OBTER_NR_EXEMPLARES_ESTOQUE";"1367769294.623631";"1367769294.623726";"0.000095";
"CLIENT";"OBTER_NR_EXEMPLARES_ESTOQUE";"1367769294.645314";"1367769294.658789";"0.013475";
"SERVER";"OBTER_NR_EXEMPLARES_ESTOQUE";"1367769294.658735";"1367769294.658817";"0.000082";
"CLIENT";"OBTER_NR_EXEMPLARES_ESTOQUE";"1367769294.673020";"1367769294.700688";"0.027668";
"SERVER";"OBTER_NR_EXEMPLARES_ESTOQUE";"1367769294.700626";"1367769294.700728";"0.000102";
"CLIENT";"OBTER_NR_EXEMPLARES_ESTOQUE";"1367769294.717151";"1367769294.774465";"0.057314";
"SERVER";"OBTER_NR_EXEMPLARES_ESTOQUE";"1367769294.774403";"1367769294.774494";"0.000091";
"CLIENT";"OBTER_NR_EXEMPLARES_ESTOQUE";"1367769294.808060";"1367769294.823916";"0.015856";
"SERVER";"OBTER_NR_EXEMPLARES_ESTOQUE";"1367769294.823835";"1367769294.823945";"0.000110";
"CLIENT";"OBTER_NR_EXEMPLARES_ESTOQUE";"1367769294.838613";"1367769294.851837";"0.013224";
"SERVER";"OBTER_NR_EXEMPLARES_ESTOQUE";"1367769294.851774";"1367769294.851882";"0.000108";
"CLIENT";"OBTER_NR_EXEMPLARES_ESTOQUE";"1367769294.866618";"1367769294.879706";"0.013088";
"SERVER";"OBTER_NR_EXEMPLARES_ESTOQUE";"1367769294.879644";"1367769294.879747";"0.000103";
"CLIENT";"OBTER_NR_EXEMPLARES_ESTOQUE";"1367769294.893575";"1367769294.906700";"0.013125";
"SERVER";"OBTER_NR_EXEMPLARES_ESTOQUE";"1367769294.906639";"1367769294.906734";"0.000095";
"CLIENT";"OBTER_NR_EXEMPLARES_ESTOQUE";"1367769294.920584";"1367769294.933759";"0.013175";
"SERVER";"OBTER_NR_EXEMPLARES_ESTOQUE";"1367769294.933696";"1367769294.933793";"0.000097";
"CLIENT";"OBTER_NR_EXEMPLARES_ESTOQUE";"1367769294.947592";"1367769294.969556";"0.021964";
"SERVER";"OBTER_NR_EXEMPLARES_ESTOQUE";"1367769294.969494";"1367769294.969585";"0.000091";
"CLIENT";"OBTER_NR_EXEMPLARES_ESTOQUE";"1367769294.999314";"1367769295.013205";"1.-986108";
"SERVER";"OBTER_NR_EXEMPLARES_ESTOQUE";"1367769295.013144";"1367769295.013233";"0.000089";
"CLIENT";"OBTER_NR_EXEMPLARES_ESTOQUE";"1367769295.029967";"1367769295.043016";"0.013049";
"SERVER";"OBTER_NR_EXEMPLARES_ESTOQUE";"1367769295.042954";"1367769295.043044";"0.000090";
"CLIENT";"OBTER_NR_EXEMPLARES_ESTOQUE";"1367769295.057720";"1367769295.070798";"0.013078";
"SERVER";"OBTER_NR_EXEMPLARES_ESTOQUE";"1367769295.070736";"1367769295.070826";"0.000090";
"CLIENT";"OBTER_NR_EXEMPLARES_ESTOQUE";"1367769295.089173";"1367769295.101698";"0.012525";
"SERVER";"OBTER_NR_EXEMPLARES_ESTOQUE";"1367769295.101637";"1367769295.101726";"0.000089";
"CLIENT";"OBTER_NR_EXEMPLARES_ESTOQUE";"1367769295.115594";"1367769295.129049";"0.013455";
"SERVER";"OBTER_NR_EXEMPLARES_ESTOQUE";"1367769295.128982";"1367769295.129072";"0.000090";
"CLIENT";"OBTER_NR_EXEMPLARES_ESTOQUE";"1367769295.143588";"1367769295.157339";"0.013751";
"SERVER";"OBTER_NR_EXEMPLARES_ESTOQUE";"1367769295.157268";"1367769295.157360";"0.000092";
"CLIENT";"OBTER_NR_EXEMPLARES_ESTOQUE";"1367769295.171544";"1367769295.184673";"0.013129";
"SERVER";"OBTER_NR_EXEMPLARES_ESTOQUE";"1367769295.184610";"1367769295.184705";"0.000095";
"CLIENT";"OBTER_NR_EXEMPLARES_ESTOQUE";"1367769295.199300";"1367769295.217842";"0.018542";
"SERVER";"OBTER_NR_EXEMPLARES_ESTOQUE";"1367769295.217772";"1367769295.217863";"0.000091";
"CLIENT";"OBTER_NR_EXEMPLARES_ESTOQUE";"1367769295.233297";"1367769295.247026";"0.013729";
"SERVER";"OBTER_NR_EXEMPLARES_ESTOQUE";"1367769295.246973";"1367769295.247073";"0.000100";
"CLIENT";"OBTER_NR_EXEMPLARES_ESTOQUE";"1367769295.262203";"1367769295.276028";"0.013825";
"SERVER";"OBTER_NR_EXEMPLARES_ESTOQUE";"1367769295.275965";"1367769295.276074";"0.000109";
"CLIENT";"OBTER_NR_EXEMPLARES_ESTOQUE";"1367769295.291857";"1367769295.304665";"0.012808";
"SERVER";"OBTER_NR_EXEMPLARES_ESTOQUE";"1367769295.304587";"1367769295.304686";"0.000099";
"CLIENT";"OBTER_NR_EXEMPLARES_ESTOQUE";"1367769295.318565";"1367769295.332415";"0.013850";
"SERVER";"OBTER_NR_EXEMPLARES_ESTOQUE";"1367769295.332342";"1367769295.332442";"0.000100";
"CLIENT";"OBTER_NR_EXEMPLARES_ESTOQUE";"1367769295.348616";"1367769295.361714";"0.013098";
"SERVER";"OBTER_NR_EXEMPLARES_ESTOQUE";"1367769295.361632";"1367769295.361741";"0.000109";
"CLIENT";"OBTER_NR_EXEMPLARES_ESTOQUE";"1367769295.375526";"1367769295.388677";"0.013151";
"SERVER";"OBTER_NR_EXEMPLARES_ESTOQUE";"1367769295.388604";"1367769295.388706";"0.000102";
