SERVER;OBTER_TODOS_ISBNS;1366072924.363995;1366072924.364472;0.000477;
SERVER;OBTER_TODOS_ISBNS;1366072924.365442;1366072924.365579;0.000137;
SERVER;OBTER_TODOS_ISBNS;1366072924.413884;1366072924.414294;0.000410;
SERVER;OBTER_TODOS_ISBNS;1366072924.455527;1366072924.455712;0.000185;
SERVER;OBTER_TODOS_ISBNS;1366072924.502578;1366072924.502851;0.000273;
SERVER;OBTER_TODOS_ISBNS;1366072924.544262;1366072924.544441;0.000179;
SERVER;OBTER_TODOS_ISBNS;1366072924.583519;1366072924.583722;0.000203;
SERVER;OBTER_TODOS_ISBNS;1366072924.624277;1366072924.624495;0.000218;
SERVER;OBTER_TODOS_ISBNS;1366072924.663471;1366072924.663654;0.000183;
SERVER;OBTER_TODOS_ISBNS;1366072924.711334;1366072924.711602;0.000268;
SERVER;OBTER_TODOS_ISBNS;1366072924.755853;1366072924.756398;0.000545;
SERVER;OBTER_TODOS_ISBNS;1366072924.793547;1366072924.793727;0.000180;
SERVER;OBTER_TODOS_ISBNS;1366072924.833138;1366072924.833400;0.000262;
SERVER;OBTER_TODOS_ISBNS;1366072924.872541;1366072924.872747;0.000206;
SERVER;OBTER_TODOS_ISBNS;1366072924.916821;1366072924.917045;0.000224;
SERVER;OBTER_TODOS_ISBNS;1366072924.954079;1366072924.954344;0.000265;
SERVER;OBTER_TODOS_ISBNS;1366072924.994674;1366072924.994975;0.000301;
SERVER;OBTER_TODOS_ISBNS;1366072925.034653;1366072925.034847;0.000194;
SERVER;OBTER_TODOS_ISBNS;1366072925.077314;1366072925.077525;0.000211;
SERVER;OBTER_TODOS_ISBNS;1366072925.118601;1366072925.123804;0.005203;
SERVER;OBTER_TODOS_ISBNS;1366072925.157960;1366072925.158230;0.000270;
SERVER;OBTER_TODOS_ISBNS;1366072925.196601;1366072925.196833;0.000232;
SERVER;OBTER_TODOS_ISBNS;1366072925.233561;1366072925.233784;0.000223;
SERVER;OBTER_TODOS_ISBNS;1366072925.273471;1366072925.273758;0.000287;
SERVER;OBTER_TODOS_ISBNS;1366072925.313574;1366072925.313740;0.000166;
SERVER;OBTER_TODOS_ISBNS;1366072925.355248;1366072925.355530;0.000282;
SERVER;OBTER_TODOS_ISBNS;1366072925.397975;1366072925.398227;0.000252;
SERVER;OBTER_TODOS_ISBNS;1366072925.435291;1366072925.435469;0.000178;
SERVER;OBTER_TODOS_ISBNS;1366072925.474703;1366072925.475036;0.000333;
SERVER;OBTER_TODOS_ISBNS;1366072925.532805;1366072925.533128;0.000323;
SERVER;OBTER_TODOS_ISBNS;1366072925.574243;1366072925.574476;0.000233;
SERVER;OBTER_TODOS_ISBNS;1366072925.622005;1366072925.622335;0.000330;
SERVER;OBTER_TODOS_ISBNS;1366072925.663709;1366072925.663877;0.000168;
SERVER;OBTER_TODOS_ISBNS;1366072925.706068;1366072925.706224;0.000156;
SERVER;OBTER_TODOS_ISBNS;1366072925.744856;1366072925.745071;0.000215;
SERVER;OBTER_TODOS_ISBNS;1366072925.784796;1366072925.784998;0.000202;
SERVER;OBTER_TODOS_ISBNS;1366072925.824314;1366072925.824651;0.000337;
SERVER;OBTER_TODOS_ISBNS;1366072925.866567;1366072925.866821;0.000254;
SERVER;OBTER_TODOS_ISBNS;1366072925.906547;1366072925.906758;0.000211;
SERVER;OBTER_TODOS_ISBNS;1366072925.944223;1366072925.944430;0.000207;
SERVER;OBTER_TODOS_ISBNS;1366072925.984822;1366072925.984981;0.000159;
SERVER;OBTER_TODOS_ISBNS;1366072926.022872;1366072926.023060;0.000188;
SERVER;OBTER_TODOS_ISBNS;1366072926.064156;1366072926.064392;0.000236;
SERVER;OBTER_TODOS_ISBNS;1366072926.103598;1366072926.103797;0.000199;
SERVER;OBTER_TODOS_ISBNS;1366072926.146103;1366072926.146339;0.000236;
SERVER;OBTER_TODOS_ISBNS;1366072926.187225;1366072926.187410;0.000185;
SERVER;OBTER_TODOS_ISBNS;1366072926.223982;1366072926.224180;0.000198;
SERVER;OBTER_TODOS_ISBNS;1366072926.263045;1366072926.263393;0.000348;
SERVER;OBTER_TODOS_ISBNS;1366072926.304732;1366072926.305071;0.000339;
SERVER;OBTER_TODOS_ISBNS;1366072926.351659;1366072926.351906;0.000247;
SERVER;OBTER_DESCRICAO_POR_ISBN;1366072926.393826;1366072926.393905;0.000079;
SERVER;OBTER_DESCRICAO_POR_ISBN;1366072926.394236;1366072926.394300;0.000064;
SERVER;OBTER_DESCRICAO_POR_ISBN;1366072926.394633;1366072926.394719;0.000086;
SERVER;OBTER_DESCRICAO_POR_ISBN;1366072926.395042;1366072926.395130;0.000088;
SERVER;OBTER_DESCRICAO_POR_ISBN;1366072926.395608;1366072926.395714;0.000106;
SERVER;OBTER_DESCRICAO_POR_ISBN;1366072926.396263;1366072926.396388;0.000125;
SERVER;OBTER_DESCRICAO_POR_ISBN;1366072926.397080;1366072926.397147;0.000067;
SERVER;OBTER_DESCRICAO_POR_ISBN;1366072926.397615;1366072926.397700;0.000085;
SERVER;OBTER_DESCRICAO_POR_ISBN;1366072926.398064;1366072926.398142;0.000078;
SERVER;OBTER_DESCRICAO_POR_ISBN;1366072926.398389;1366072926.398467;0.000078;
SERVER;OBTER_DESCRICAO_POR_ISBN;1366072926.401401;1366072926.401482;0.000081;
SERVER;OBTER_DESCRICAO_POR_ISBN;1366072926.402478;1366072926.402542;0.000064;
SERVER;OBTER_DESCRICAO_POR_ISBN;1366072926.402818;1366072926.402881;0.000063;
SERVER;OBTER_DESCRICAO_POR_ISBN;1366072926.416584;1366072926.416729;0.000145;
SERVER;OBTER_DESCRICAO_POR_ISBN;1366072926.433607;1366072926.433718;0.000111;
SERVER;OBTER_DESCRICAO_POR_ISBN;1366072926.434146;1366072926.434217;0.000071;
SERVER;OBTER_DESCRICAO_POR_ISBN;1366072926.434459;1366072926.434524;0.000065;
SERVER;OBTER_DESCRICAO_POR_ISBN;1366072926.434764;1366072926.434834;0.000070;
SERVER;OBTER_DESCRICAO_POR_ISBN;1366072926.435041;1366072926.435107;0.000066;
SERVER;OBTER_DESCRICAO_POR_ISBN;1366072926.435375;1366072926.435439;0.000064;
SERVER;OBTER_DESCRICAO_POR_ISBN;1366072926.435932;1366072926.436012;0.000080;
SERVER;OBTER_DESCRICAO_POR_ISBN;1366072926.436476;1366072926.436541;0.000065;
SERVER;OBTER_DESCRICAO_POR_ISBN;1366072926.441500;1366072926.441612;0.000112;
SERVER;OBTER_DESCRICAO_POR_ISBN;1366072926.454917;1366072926.455020;0.000103;
SERVER;OBTER_DESCRICAO_POR_ISBN;1366072926.466426;1366072926.466635;0.000209;
SERVER;OBTER_DESCRICAO_POR_ISBN;1366072926.472777;1366072926.481505;0.008728;
SERVER;OBTER_DESCRICAO_POR_ISBN;1366072926.481988;1366072926.482105;0.000117;
SERVER;OBTER_DESCRICAO_POR_ISBN;1366072926.482822;1366072926.482899;0.000077;
SERVER;OBTER_DESCRICAO_POR_ISBN;1366072926.483175;1366072926.483244;0.000069;
SERVER;OBTER_DESCRICAO_POR_ISBN;1366072926.483452;1366072926.483514;0.000062;
SERVER;OBTER_DESCRICAO_POR_ISBN;1366072926.483732;1366072926.483797;0.000065;
SERVER;OBTER_DESCRICAO_POR_ISBN;1366072926.483997;1366072926.484066;0.000069;
SERVER;OBTER_DESCRICAO_POR_ISBN;1366072926.484274;1366072926.484340;0.000066;
SERVER;OBTER_DESCRICAO_POR_ISBN;1366072926.484539;1366072926.484608;0.000069;
SERVER;OBTER_DESCRICAO_POR_ISBN;1366072926.484816;1366072926.484878;0.000062;
SERVER;OBTER_DESCRICAO_POR_ISBN;1366072926.485078;1366072926.485144;0.000066;
SERVER;OBTER_DESCRICAO_POR_ISBN;1366072926.485396;1366072926.485469;0.000073;
SERVER;OBTER_DESCRICAO_POR_ISBN;1366072926.485676;1366072926.485746;0.000070;
SERVER;OBTER_DESCRICAO_POR_ISBN;1366072926.485949;1366072926.486014;0.000065;
SERVER;OBTER_DESCRICAO_POR_ISBN;1366072926.486243;1366072926.486314;0.000071;
SERVER;OBTER_DESCRICAO_POR_ISBN;1366072926.486513;1366072926.486594;0.000081;
SERVER;OBTER_DESCRICAO_POR_ISBN;1366072926.486826;1366072926.486890;0.000064;
SERVER;OBTER_DESCRICAO_POR_ISBN;1366072926.507506;1366072926.541537;0.034031;
SERVER;OBTER_DESCRICAO_POR_ISBN;1366072926.541718;1366072926.541858;0.000140;
SERVER;OBTER_DESCRICAO_POR_ISBN;1366072926.557199;1366072926.557308;0.000109;
SERVER;OBTER_DESCRICAO_POR_ISBN;1366072926.571973;1366072926.572130;0.000157;
SERVER;OBTER_DESCRICAO_POR_ISBN;1366072926.572744;1366072926.572830;0.000086;
SERVER;OBTER_DESCRICAO_POR_ISBN;1366072926.573042;1366072926.573122;0.000080;
SERVER;OBTER_DESCRICAO_POR_ISBN;1366072926.573325;1366072926.573389;0.000064;
SERVER;OBTER_DESCRICAO_POR_ISBN;1366072926.573602;1366072926.573674;0.000072;
SERVER;OBTER_LIVRO_POR_ISBN;1366072926.573880;1366072926.573953;0.000073;
SERVER;OBTER_LIVRO_POR_ISBN;1366072926.574216;1366072926.574289;0.000073;
SERVER;OBTER_LIVRO_POR_ISBN;1366072926.576038;1366072926.576191;0.000153;
SERVER;OBTER_LIVRO_POR_ISBN;1366072926.576554;1366072926.576634;0.000080;
SERVER;OBTER_LIVRO_POR_ISBN;1366072926.577001;1366072926.577132;0.000131;
SERVER;OBTER_LIVRO_POR_ISBN;1366072926.577515;1366072926.577624;0.000109;
SERVER;OBTER_LIVRO_POR_ISBN;1366072926.578112;1366072926.578205;0.000093;
SERVER;OBTER_LIVRO_POR_ISBN;1366072926.578563;1366072926.578670;0.000107;
SERVER;OBTER_LIVRO_POR_ISBN;1366072926.584965;1366072926.585122;0.000157;
SERVER;OBTER_LIVRO_POR_ISBN;1366072926.598423;1366072926.598572;0.000149;
SERVER;OBTER_LIVRO_POR_ISBN;1366072926.606824;1366072926.606985;0.000161;
SERVER;OBTER_LIVRO_POR_ISBN;1366072926.613032;1366072926.613215;0.000183;
SERVER;OBTER_LIVRO_POR_ISBN;1366072926.618072;1366072926.618207;0.000135;
SERVER;OBTER_LIVRO_POR_ISBN;1366072926.618606;1366072926.618726;0.000120;
SERVER;OBTER_LIVRO_POR_ISBN;1366072926.626508;1366072926.626713;0.000205;
SERVER;OBTER_LIVRO_POR_ISBN;1366072926.641207;1366072926.641430;0.000223;
SERVER;OBTER_LIVRO_POR_ISBN;1366072926.651847;1366072926.651976;0.000129;
SERVER;OBTER_LIVRO_POR_ISBN;1366072926.653387;1366072926.653468;0.000081;
SERVER;OBTER_LIVRO_POR_ISBN;1366072926.653726;1366072926.653800;0.000074;
SERVER;OBTER_LIVRO_POR_ISBN;1366072926.654068;1366072926.654142;0.000074;
SERVER;OBTER_LIVRO_POR_ISBN;1366072926.672646;1366072926.684377;0.011731;
SERVER;OBTER_LIVRO_POR_ISBN;1366072926.687409;1366072926.687524;0.000115;
SERVER;OBTER_LIVRO_POR_ISBN;1366072926.687973;1366072926.688056;0.000083;
SERVER;OBTER_LIVRO_POR_ISBN;1366072926.688419;1366072926.688493;0.000074;
SERVER;OBTER_LIVRO_POR_ISBN;1366072926.688859;1366072926.697151;0.008292;
SERVER;OBTER_LIVRO_POR_ISBN;1366072926.697398;1366072926.697564;0.000166;
SERVER;OBTER_LIVRO_POR_ISBN;1366072926.705361;1366072926.705510;0.000149;
SERVER;OBTER_LIVRO_POR_ISBN;1366072926.706246;1366072926.706300;0.000054;
SERVER;OBTER_LIVRO_POR_ISBN;1366072926.716340;1366072926.716584;0.000244;
SERVER;OBTER_LIVRO_POR_ISBN;1366072926.717342;1366072926.717426;0.000084;
SERVER;OBTER_LIVRO_POR_ISBN;1366072926.717775;1366072926.717855;0.000080;
SERVER;OBTER_LIVRO_POR_ISBN;1366072926.718091;1366072926.718154;0.000063;
SERVER;OBTER_LIVRO_POR_ISBN;1366072926.718483;1366072926.718545;0.000062;
SERVER;OBTER_LIVRO_POR_ISBN;1366072926.721377;1366072926.721469;0.000092;
SERVER;OBTER_LIVRO_POR_ISBN;1366072926.722935;1366072926.723009;0.000074;
SERVER;OBTER_LIVRO_POR_ISBN;1366072926.723268;1366072926.723333;0.000065;
SERVER;OBTER_LIVRO_POR_ISBN;1366072926.723573;1366072926.723637;0.000064;
SERVER;OBTER_LIVRO_POR_ISBN;1366072926.723863;1366072926.723927;0.000064;
SERVER;OBTER_LIVRO_POR_ISBN;1366072926.724164;1366072926.724234;0.000070;
SERVER;OBTER_LIVRO_POR_ISBN;1366072926.724470;1366072926.724534;0.000064;
SERVER;OBTER_LIVRO_POR_ISBN;1366072926.724783;1366072926.724847;0.000064;
SERVER;OBTER_LIVRO_POR_ISBN;1366072926.725074;1366072926.725138;0.000064;
SERVER;OBTER_LIVRO_POR_ISBN;1366072926.725344;1366072926.725408;0.000064;
SERVER;OBTER_LIVRO_POR_ISBN;1366072926.725647;1366072926.725713;0.000066;
SERVER;OBTER_LIVRO_POR_ISBN;1366072926.725935;1366072926.725999;0.000064;
SERVER;OBTER_LIVRO_POR_ISBN;1366072926.733163;1366072926.733409;0.000246;
SERVER;OBTER_LIVRO_POR_ISBN;1366072926.748030;1366072926.748125;0.000095;
SERVER;OBTER_LIVRO_POR_ISBN;1366072926.748434;1366072926.748501;0.000067;
SERVER;OBTER_LIVRO_POR_ISBN;1366072926.748744;1366072926.748814;0.000070;
SERVER;OBTER_LIVRO_POR_ISBN;1366072926.751825;1366072926.751945;0.000120;
SERVER;OBTER_TODOS_LIVROS;1366072926.756082;1366072926.786894;0.030812;
SERVER;OBTER_TODOS_LIVROS;1366072926.868746;1366072926.902630;0.033884;
SERVER;OBTER_TODOS_LIVROS;1366072926.935186;1366072926.978440;0.043254;
SERVER;OBTER_TODOS_LIVROS;1366072927.015268;1366072927.057548;0.042280;
SERVER;OBTER_TODOS_LIVROS;1366072927.093752;1366072927.105476;0.011724;
SERVER;OBTER_TODOS_LIVROS;1366072927.168051;1366072927.193322;0.025271;
SERVER;OBTER_TODOS_LIVROS;1366072927.255388;1366072927.281722;0.026334;
SERVER;OBTER_TODOS_LIVROS;1366072927.315861;1366072927.347806;0.031945;
SERVER;OBTER_TODOS_LIVROS;1366072927.405005;1366072927.434465;0.029460;
SERVER;OBTER_TODOS_LIVROS;1366072927.496549;1366072927.524385;0.027836;
SERVER;OBTER_TODOS_LIVROS;1366072927.593745;1366072927.622654;0.028909;
SERVER;OBTER_TODOS_LIVROS;1366072927.663766;1366072927.694849;0.031083;
SERVER;OBTER_TODOS_LIVROS;1366072927.747161;1366072927.774702;0.027541;
SERVER;OBTER_TODOS_LIVROS;1366072927.834334;1366072927.887812;0.053478;
SERVER;OBTER_TODOS_LIVROS;1366072927.912364;1366072927.927694;0.015330;
SERVER;OBTER_TODOS_LIVROS;1366072927.993058;1366072928.034247;1.-958811;
SERVER;OBTER_TODOS_LIVROS;1366072928.074067;1366072928.102677;0.028610;
SERVER;OBTER_TODOS_LIVROS;1366072928.145466;1366072928.167206;0.021740;
SERVER;OBTER_TODOS_LIVROS;1366072928.231088;1366072928.265349;0.034261;
SERVER;OBTER_TODOS_LIVROS;1366072928.311318;1366072928.342852;0.031534;
SERVER;OBTER_TODOS_LIVROS;1366072928.383918;1366072928.405000;0.021082;
SERVER;OBTER_TODOS_LIVROS;1366072928.477909;1366072928.507249;0.029340;
SERVER;OBTER_TODOS_LIVROS;1366072928.566755;1366072928.592637;0.025882;
SERVER;OBTER_TODOS_LIVROS;1366072928.663115;1366072928.687498;0.024383;
SERVER;OBTER_TODOS_LIVROS;1366072928.734871;1366072928.788252;0.053381;
SERVER;OBTER_TODOS_LIVROS;1366072928.796706;1366072928.841983;0.045277;
SERVER;OBTER_TODOS_LIVROS;1366072928.883511;1366072928.914687;0.031176;
SERVER;OBTER_TODOS_LIVROS;1366072928.974092;1366072929.007245;1.-966847;
SERVER;OBTER_TODOS_LIVROS;1366072929.043853;1366072929.072656;0.028803;
SERVER;OBTER_TODOS_LIVROS;1366072929.113217;1366072929.122332;0.009115;
SERVER;OBTER_TODOS_LIVROS;1366072929.178791;1366072929.222242;0.043451;
SERVER;OBTER_TODOS_LIVROS;1366072929.254314;1366072929.282026;0.027712;
SERVER;OBTER_TODOS_LIVROS;1366072929.345895;1366072929.377386;0.031491;
SERVER;OBTER_TODOS_LIVROS;1366072929.413419;1366072929.434760;0.021341;
SERVER;OBTER_TODOS_LIVROS;1366072929.483296;1366072929.514957;0.031661;
SERVER;OBTER_TODOS_LIVROS;1366072929.556215;1366072929.587508;0.031293;
SERVER;OBTER_TODOS_LIVROS;1366072929.656149;1366072929.678843;0.022694;
SERVER;OBTER_TODOS_LIVROS;1366072929.753806;1366072929.775436;0.021630;
SERVER;OBTER_TODOS_LIVROS;1366072929.842964;1366072929.872898;0.029934;
SERVER;OBTER_TODOS_LIVROS;1366072929.913785;1366072929.944915;0.031130;
SERVER;OBTER_TODOS_LIVROS;1366072929.997804;1366072930.033018;1.-964786;
SERVER;OBTER_TODOS_LIVROS;1366072930.091008;1366072930.124672;0.033664;
SERVER;OBTER_TODOS_LIVROS;1366072930.161769;1366072930.168573;0.006804;
SERVER;OBTER_TODOS_LIVROS;1366072930.263919;1366072930.295048;0.031129;
SERVER;OBTER_TODOS_LIVROS;1366072930.328027;1366072930.362738;0.034711;
SERVER;OBTER_TODOS_LIVROS;1366072930.396296;1366072930.416954;0.020658;
SERVER;OBTER_TODOS_LIVROS;1366072930.479353;1366072930.515184;0.035831;
SERVER;OBTER_TODOS_LIVROS;1366072930.562802;1366072930.582535;0.019733;
SERVER;OBTER_TODOS_LIVROS;1366072930.642841;1366072930.667497;0.024656;
SERVER;OBTER_TODOS_LIVROS;1366072930.739869;1366072930.775405;0.035536;
SERVER;ALTERAR_NR_EXEMPLARES_ESTOQUE;1366072930.816972;1366072930.817277;0.000305;
SERVER;ALTERAR_NR_EXEMPLARES_ESTOQUE;1366072930.817685;1366072930.817878;0.000193;
SERVER;ALTERAR_NR_EXEMPLARES_ESTOQUE;1366072930.818292;1366072930.818483;0.000191;
SERVER;ALTERAR_NR_EXEMPLARES_ESTOQUE;1366072930.821881;1366072930.822140;0.000259;
SERVER;ALTERAR_NR_EXEMPLARES_ESTOQUE;1366072930.822580;1366072930.822791;0.000211;
SERVER;ALTERAR_NR_EXEMPLARES_ESTOQUE;1366072930.823878;1366072930.824044;0.000166;
SERVER;ALTERAR_NR_EXEMPLARES_ESTOQUE;1366072930.824478;1366072930.824704;0.000226;
SERVER;ALTERAR_NR_EXEMPLARES_ESTOQUE;1366072930.824965;1366072930.825143;0.000178;
SERVER;ALTERAR_NR_EXEMPLARES_ESTOQUE;1366072930.825402;1366072930.825520;0.000118;
SERVER;ALTERAR_NR_EXEMPLARES_ESTOQUE;1366072930.825912;1366072930.826030;0.000118;
SERVER;ALTERAR_NR_EXEMPLARES_ESTOQUE;1366072930.835424;1366072930.835662;0.000238;
SERVER;ALTERAR_NR_EXEMPLARES_ESTOQUE;1366072930.836826;1366072930.837008;0.000182;
SERVER;ALTERAR_NR_EXEMPLARES_ESTOQUE;1366072930.837272;1366072930.837434;0.000162;
SERVER;ALTERAR_NR_EXEMPLARES_ESTOQUE;1366072930.838592;1366072930.841339;0.002747;
SERVER;ALTERAR_NR_EXEMPLARES_ESTOQUE;1366072930.841475;1366072930.845606;0.004131;
SERVER;ALTERAR_NR_EXEMPLARES_ESTOQUE;1366072930.845780;1366072930.845961;0.000181;
SERVER;ALTERAR_NR_EXEMPLARES_ESTOQUE;1366072930.863310;1366072930.863832;0.000522;
SERVER;ALTERAR_NR_EXEMPLARES_ESTOQUE;1366072930.865882;1366072930.866149;0.000267;
SERVER;ALTERAR_NR_EXEMPLARES_ESTOQUE;1366072930.866703;1366072930.866956;0.000253;
SERVER;ALTERAR_NR_EXEMPLARES_ESTOQUE;1366072930.867571;1366072930.867826;0.000255;
SERVER;ALTERAR_NR_EXEMPLARES_ESTOQUE;1366072930.872477;1366072930.872750;0.000273;
SERVER;ALTERAR_NR_EXEMPLARES_ESTOQUE;1366072930.881575;1366072930.881866;0.000291;
SERVER;ALTERAR_NR_EXEMPLARES_ESTOQUE;1366072930.884812;1366072930.885089;0.000277;
SERVER;ALTERAR_NR_EXEMPLARES_ESTOQUE;1366072930.885454;1366072930.885597;0.000143;
SERVER;ALTERAR_NR_EXEMPLARES_ESTOQUE;1366072930.885877;1366072930.886002;0.000125;
SERVER;ALTERAR_NR_EXEMPLARES_ESTOQUE;1366072930.891726;1366072930.891948;0.000222;
SERVER;ALTERAR_NR_EXEMPLARES_ESTOQUE;1366072930.892747;1366072930.893004;0.000257;
SERVER;ALTERAR_NR_EXEMPLARES_ESTOQUE;1366072930.893366;1366072930.893516;0.000150;
SERVER;ALTERAR_NR_EXEMPLARES_ESTOQUE;1366072930.903702;1366072930.917230;0.013528;
SERVER;ALTERAR_NR_EXEMPLARES_ESTOQUE;1366072930.917685;1366072930.917944;0.000259;
SERVER;ALTERAR_NR_EXEMPLARES_ESTOQUE;1366072930.924844;1366072930.925388;0.000544;
SERVER;ALTERAR_NR_EXEMPLARES_ESTOQUE;1366072930.933308;1366072930.933554;0.000246;
SERVER;ALTERAR_NR_EXEMPLARES_ESTOQUE;1366072930.937607;1366072930.938012;0.000405;
SERVER;ALTERAR_NR_EXEMPLARES_ESTOQUE;1366072930.938659;1366072930.945526;0.006867;
SERVER;ALTERAR_NR_EXEMPLARES_ESTOQUE;1366072930.945801;1366072930.946046;0.000245;
SERVER;ALTERAR_NR_EXEMPLARES_ESTOQUE;1366072930.954244;1366072930.954532;0.000288;
SERVER;ALTERAR_NR_EXEMPLARES_ESTOQUE;1366072930.962121;1366072930.962530;0.000409;
SERVER;ALTERAR_NR_EXEMPLARES_ESTOQUE;1366072930.964940;1366072930.967357;0.002417;
SERVER;ALTERAR_NR_EXEMPLARES_ESTOQUE;1366072930.967924;1366072930.968324;0.000400;
SERVER;ALTERAR_NR_EXEMPLARES_ESTOQUE;1366072930.974935;1366072930.975505;0.000570;
SERVER;ALTERAR_NR_EXEMPLARES_ESTOQUE;1366072930.975793;1366072930.975947;0.000154;
SERVER;ALTERAR_NR_EXEMPLARES_ESTOQUE;1366072930.976209;1366072930.976401;0.000192;
SERVER;ALTERAR_NR_EXEMPLARES_ESTOQUE;1366072930.983028;1366072930.983257;0.000229;
SERVER;ALTERAR_NR_EXEMPLARES_ESTOQUE;1366072930.987821;1366072930.988100;0.000279;
SERVER;ALTERAR_NR_EXEMPLARES_ESTOQUE;1366072930.988583;1366072931.003594;1.-984989;
SERVER;ALTERAR_NR_EXEMPLARES_ESTOQUE;1366072931.003784;1366072931.004023;0.000239;
SERVER;ALTERAR_NR_EXEMPLARES_ESTOQUE;1366072931.004612;1366072931.005022;0.000410;
SERVER;ALTERAR_NR_EXEMPLARES_ESTOQUE;1366072931.005507;1366072931.008707;0.003200;
SERVER;ALTERAR_NR_EXEMPLARES_ESTOQUE;1366072931.012530;1366072931.018316;0.005786;
SERVER;ALTERAR_NR_EXEMPLARES_ESTOQUE;1366072931.031484;1366072931.032110;0.000626;
SERVER;OBTER_NR_EXEMPLARES_ESTOQUE;1366072931.033516;1366072931.055752;0.022236;
SERVER;OBTER_NR_EXEMPLARES_ESTOQUE;1366072931.062008;1366072931.062233;0.000225;
SERVER;OBTER_NR_EXEMPLARES_ESTOQUE;1366072931.062851;1366072931.062948;0.000097;
SERVER;OBTER_NR_EXEMPLARES_ESTOQUE;1366072931.063192;1366072931.063261;0.000069;
SERVER;OBTER_NR_EXEMPLARES_ESTOQUE;1366072931.063483;1366072931.063549;0.000066;
SERVER;OBTER_NR_EXEMPLARES_ESTOQUE;1366072931.063787;1366072931.063854;0.000067;
SERVER;OBTER_NR_EXEMPLARES_ESTOQUE;1366072931.064071;1366072931.064142;0.000071;
SERVER;OBTER_NR_EXEMPLARES_ESTOQUE;1366072931.064371;1366072931.064437;0.000066;
SERVER;OBTER_NR_EXEMPLARES_ESTOQUE;1366072931.064669;1366072931.064736;0.000067;
SERVER;OBTER_NR_EXEMPLARES_ESTOQUE;1366072931.064949;1366072931.065015;0.000066;
SERVER;OBTER_NR_EXEMPLARES_ESTOQUE;1366072931.075495;1366072931.075631;0.000136;
SERVER;OBTER_NR_EXEMPLARES_ESTOQUE;1366072931.076055;1366072931.076126;0.000071;
SERVER;OBTER_NR_EXEMPLARES_ESTOQUE;1366072931.076361;1366072931.076430;0.000069;
SERVER;OBTER_NR_EXEMPLARES_ESTOQUE;1366072931.076662;1366072931.076732;0.000070;
SERVER;OBTER_NR_EXEMPLARES_ESTOQUE;1366072931.093957;1366072931.094106;0.000149;
SERVER;OBTER_NR_EXEMPLARES_ESTOQUE;1366072931.097150;1366072931.097505;0.000355;
SERVER;OBTER_NR_EXEMPLARES_ESTOQUE;1366072931.106594;1366072931.107176;0.000582;
SERVER;OBTER_NR_EXEMPLARES_ESTOQUE;1366072931.114044;1366072931.114251;0.000207;
SERVER;OBTER_NR_EXEMPLARES_ESTOQUE;1366072931.122663;1366072931.122792;0.000129;
SERVER;OBTER_NR_EXEMPLARES_ESTOQUE;1366072931.127202;1366072931.127295;0.000093;
SERVER;OBTER_NR_EXEMPLARES_ESTOQUE;1366072931.127734;1366072931.127841;0.000107;
SERVER;OBTER_NR_EXEMPLARES_ESTOQUE;1366072931.128116;1366072931.128235;0.000119;
SERVER;OBTER_NR_EXEMPLARES_ESTOQUE;1366072931.128480;1366072931.128581;0.000101;
SERVER;OBTER_NR_EXEMPLARES_ESTOQUE;1366072931.131590;1366072931.131742;0.000152;
SERVER;OBTER_NR_EXEMPLARES_ESTOQUE;1366072931.134973;1366072931.135141;0.000168;
SERVER;OBTER_NR_EXEMPLARES_ESTOQUE;1366072931.135580;1366072931.135671;0.000091;
SERVER;OBTER_NR_EXEMPLARES_ESTOQUE;1366072931.135940;1366072931.136029;0.000089;
SERVER;OBTER_NR_EXEMPLARES_ESTOQUE;1366072931.136332;1366072931.136423;0.000091;
SERVER;OBTER_NR_EXEMPLARES_ESTOQUE;1366072931.146912;1366072931.147035;0.000123;
SERVER;OBTER_NR_EXEMPLARES_ESTOQUE;1366072931.162974;1366072931.163149;0.000175;
SERVER;OBTER_NR_EXEMPLARES_ESTOQUE;1366072931.165999;1366072931.166105;0.000106;
SERVER;OBTER_NR_EXEMPLARES_ESTOQUE;1366072931.166395;1366072931.166501;0.000106;
SERVER;OBTER_NR_EXEMPLARES_ESTOQUE;1366072931.166790;1366072931.166880;0.000090;
SERVER;OBTER_NR_EXEMPLARES_ESTOQUE;1366072931.176926;1366072931.177070;0.000144;
SERVER;OBTER_NR_EXEMPLARES_ESTOQUE;1366072931.193479;1366072931.193716;0.000237;
SERVER;OBTER_NR_EXEMPLARES_ESTOQUE;1366072931.198228;1366072931.198347;0.000119;
SERVER;OBTER_NR_EXEMPLARES_ESTOQUE;1366072931.198692;1366072931.198787;0.000095;
SERVER;OBTER_NR_EXEMPLARES_ESTOQUE;1366072931.202722;1366072931.202943;0.000221;
SERVER;OBTER_NR_EXEMPLARES_ESTOQUE;1366072931.207293;1366072931.207564;0.000271;
SERVER;OBTER_NR_EXEMPLARES_ESTOQUE;1366072931.212633;1366072931.212854;0.000221;
SERVER;OBTER_NR_EXEMPLARES_ESTOQUE;1366072931.213289;1366072931.213415;0.000126;
SERVER;OBTER_NR_EXEMPLARES_ESTOQUE;1366072931.214164;1366072931.214251;0.000087;
SERVER;OBTER_NR_EXEMPLARES_ESTOQUE;1366072931.214577;1366072931.214658;0.000081;
SERVER;OBTER_NR_EXEMPLARES_ESTOQUE;1366072931.214946;1366072931.215026;0.000080;
SERVER;OBTER_NR_EXEMPLARES_ESTOQUE;1366072931.224893;1366072931.225036;0.000143;
SERVER;OBTER_NR_EXEMPLARES_ESTOQUE;1366072931.240876;1366072931.241090;0.000214;
SERVER;OBTER_NR_EXEMPLARES_ESTOQUE;1366072931.247282;1366072931.247375;0.000093;
SERVER;OBTER_NR_EXEMPLARES_ESTOQUE;1366072931.247648;1366072931.247730;0.000082;
SERVER;OBTER_NR_EXEMPLARES_ESTOQUE;1366072931.248006;1366072931.248080;0.000074;
SERVER;OBTER_NR_EXEMPLARES_ESTOQUE;1366072931.248354;1366072931.248426;0.000072;
